district_key,province,rank_remoteness_proxy,score_remoteness_proxy,rank_facility_distance,score_facility_distance,low_osm_facility_coverage,rank_change
ZHOB DISTRICT,Balochistan,1,0.871992636786455,1,0.8043658975522752,True,0
LORALAI DISTRICT,Balochistan,2,0.7232041143316005,2,0.6055421595642413,False,0
BHAKKAR DISTRICT,Punjab,3,0.467890141922954,5,0.37874258301965785,False,-2
PANJGUR DISTRICT,Balochistan,4,0.4528792610153957,3,0.4826288367417735,True,1
ZIARAT DISTRICT,Balochistan,5,0.4346444907448075,9,0.32057872721697267,False,-4
CHAGAI DISTRICT,Balochistan,6,0.43092092840845336,6,0.3591822892000929,False,0
HARNAI DISTRICT,Balochistan,7,0.42620066075643903,18,0.27926010593935147,False,-11
MUSAKHEL DISTRICT,Balochistan,8,0.4082010993462941,10,0.3177165105627716,True,-2
NUSHKI DISTRICT,Balochistan,9,0.3960590190638994,4,0.39154673414246877,True,5
WASHUK DISTRICT,Balochistan,10,0.39220857852457885,8,0.33960538404967894,True,2
GHOTKI DISTRICT,Sindh,11,0.39119395913145405,14,0.30523531381589397,False,-3
BADIN DISTRICT,Sindh,12,0.3812535913434915,21,0.2710990365971959,False,-9
AWARAN DISTRICT,Balochistan,13,0.3788884936652545,7,0.3550396810886016,True,6
KHARAN DISTRICT,Balochistan,14,0.375434363326695,11,0.3151173637513466,True,3
BAHAWALPUR DISTRICT,Punjab,15,0.3742882601116248,13,0.3104030762118535,False,2
BARKHAN DISTRICT,Balochistan,16,0.36926900852698524,28,0.25912571759368874,True,-12
SIBI DISTRICT,Balochistan,17,0.36715491109926157,32,0.24616469593332221,True,-15
RAHIM YAR KHAN DISTRICT,Punjab,18,0.3635217456542656,20,0.2739552410028126,False,-2
SHERANI DISTRICT,Balochistan,19,0.3609511564516242,15,0.297745127368408,True,4
JACOBABAD DISTRICT,Sindh,20,0.354230360916342,27,0.2597781504673773,False,-7
RAJANPUR DISTRICT,Punjab,21,0.3539982988277963,25,0.26367586399454834,False,-4
SAHIWAL DISTRICT,Punjab,22,0.3533838668577639,16,0.2897198994758402,False,6
TOBA TEK SINGH DISTRICT,Punjab,23,0.352998897445824,19,0.27430814190862624,False,4
MANDI BAHAUDDIN DISTRICT,Punjab,24,0.3512493722680012,22,0.2683964963139246,False,2
SHAHEED BENAZIRABAD DISTRICT,Sindh,25,0.3460007874780079,23,0.2665856110182621,False,2
VEHARI DISTRICT,Punjab,26,0.34046968225238117,29,0.25529743106921476,False,-3
DERA BUGTI DISTRICT,Balochistan,27,0.3392643428650057,24,0.264040527653932,True,3
GWADAR DISTRICT,Balochistan,28,0.3365520281992378,46,0.21215467534635504,False,-18
LAYYAH DISTRICT,Punjab,29,0.33331649552544074,37,0.2265301489711952,False,-8
KHANEWAL DISTRICT,Punjab,30,0.332962711167604,30,0.25375760987764195,False,0
KHAIRPUR DISTRICT,Sindh,31,0.32680748036171353,17,0.28439472133787735,False,14
DERA ISMAIL KHAN DISTRICT,Khyber Pakhtunkhwa,32,0.3260781158238552,40,0.22416185557093626,False,-8
CHINIOT DISTRICT,Punjab,33,0.3197291176203689,35,0.23929851983866446,False,-2
KALAT DISTRICT,Balochistan,34,0.3171738833772967,12,0.31360387390200284,True,22
HARIPUR DISTRICT,Khyber Pakhtunkhwa,35,0.312764700362664,42,0.21946381160609083,False,-7
PISHIN DISTRICT,Balochistan,36,0.31268805862700455,33,0.2458394840142306,True,3
KECH DISTRICT,Balochistan,37,0.3030082543757953,31,0.2510456746220679,True,6
BAHAWALNAGAR DISTRICT,Punjab,38,0.2988127007304946,26,0.26058766093544355,True,12
TORGHAR DISTRICT,Khyber Pakhtunkhwa,39,0.2984719195911211,47,0.21140126389129243,True,-8
DERA GHAZI KHAN DISTRICT,Punjab,40,0.2970897079941095,39,0.22445791607144003,False,1
CHAKWAL DISTRICT,Punjab,41,0.29664756634517797,54,0.19370110284428413,False,-13
PAKPATTAN DISTRICT,Punjab,42,0.29390040397746137,41,0.22083576417562525,False,1
KILLA ABDULLAH DISTRICT,Balochistan,43,0.2925132587229673,34,0.23950668977659398,True,9
SOHBATPUR DISTRICT,Balochistan,44,0.2917507379722547,51,0.19914116015587005,False,-7
JHAL MAGSI DISTRICT,Balochistan,45,0.2917161222650336,60,0.18796107187618966,True,-15
KACHHI DISTRICT,Balochistan,46,0.2848027650648136,49,0.20509900599460293,False,-3
HANGU DISTRICT,Khyber Pakhtunkhwa,47,0.28477464328963287,44,0.21569759337417113,True,3
KAMBAR SHAHDAD KOT DISTRICT,Sindh,48,0.28467091477255263,63,0.17911491766907636,False,-15
KHUZDAR DISTRICT,Balochistan,49,0.28422692499659724,38,0.22650795127066867,True,11
FR D.I.KHAN DISTRICT,Fata,50,0.28401294004883326,55,0.19302262121383812,True,-5
HAFIZABAD DISTRICT,Punjab,51,0.2835976637414449,57,0.18971593472290105,False,-6
MASTUNG DISTRICT,Balochistan,52,0.282627446530901,58,0.18934776643554196,True,-6
KOHISTAN DISTRICT,Khyber Pakhtunkhwa,53,0.27697992579964276,53,0.19599336787407995,False,0
FAISALABAD DISTRICT,Punjab,54,0.27680238614248714,43,0.21633836690100816,False,11
SARGODHA DISTRICT,Punjab,55,0.2766197992098091,59,0.18829819337136527,False,-4
SUKKUR DISTRICT,Sindh,56,0.27654311159004275,50,0.20074352274486226,False,6
NASIRABAD DISTRICT,Balochistan,57,0.27638190569972915,56,0.19288014328653974,True,1
KASUR DISTRICT,Punjab,58,0.27579412354214006,48,0.20917327513625766,False,10
LAHORE DISTRICT,Punjab,59,0.2734034966211586,36,0.23195491039556898,False,23
MUZAFFARGARH DISTRICT,Punjab,60,0.2702346246102182,62,0.18280467862897795,False,-2
LASBELA DISTRICT,Balochistan,61,0.26852560215127735,67,0.16435175472040095,False,-6
CHITRAL DISTRICT,Khyber Pakhtunkhwa,62,0.2676582701160954,97,0.11337451001424328,False,-35
KOHLU DISTRICT,Balochistan,63,0.266073690017099,45,0.21271720408886127,True,18
MIANWALI DISTRICT,Punjab,64,0.26341720817155495,70,0.16070078674887475,False,-6
FR BANNU DISTRICT,Fata,65,0.2588204330242615,88,0.12576896172469945,True,-23
SHIKARPUR DISTRICT,Sindh,66,0.2586459335269716,68,0.16299793825272782,False,-2
KASHMORE DISTRICT,Sindh,67,0.2583251986244294,52,0.19634050901331204,True,15
TANK DISTRICT,Khyber Pakhtunkhwa,68,0.2582310964229697,64,0.1729078005536914,True,4
KARAK DISTRICT,Khyber Pakhtunkhwa,69,0.24679099033965676,75,0.1468997543780793,False,-6
ORAKZAI AGENCY DISTRICT,Fata,70,0.24492215019735145,69,0.16242557878546646,True,1
LOWER DIR DISTRICT,Khyber Pakhtunkhwa,71,0.24147240833500677,61,0.1848180816764754,True,10
MIRPUR KHAS DISTRICT,Sindh,72,0.24043200038067927,72,0.15264898941152819,False,0
UPPER DIR DISTRICT,Khyber Pakhtunkhwa,73,0.24022916395990207,76,0.14661098007182372,False,-3
SUJAWAL DISTRICT,Sindh,74,0.23760187167488955,81,0.1419865752511149,False,-7
JAFFARABAD DISTRICT,Balochistan,75,0.23334630036034706,87,0.1307047016706368,False,-12
MULTAN DISTRICT,Punjab,76,0.2318326278018848,65,0.16872710143012198,False,11
FR TANK DISTRICT,Fata,77,0.23076878530025982,111,0.09200667854157872,False,-34
TANDO MUHAMMAD KHAN DISTRICT,Sindh,78,0.2297114802282858,78,0.145638641304758,False,0
THARPARKAR DISTRICT,Sindh,79,0.2278356007867768,85,0.13143488140486448,False,-6
THATTA DISTRICT,Sindh,80,0.2269394266666908,108,0.09809910655236619,False,-28
SHANGLA DISTRICT,Khyber Pakhtunkhwa,81,0.2266160030039769,74,0.1476941246040595,False,7
NAROWAL DISTRICT,Punjab,82,0.2259932419822109,71,0.15446463810084593,False,11
FR LAKKI MARWAT DISTRICT,Fata,83,0.22505346069541335,73,0.1521359844328011,True,10
MATIARI DISTRICT,Sindh,84,0.2193636125804377,84,0.13547198888909603,False,0
FR KOHAT DISTRICT,Fata,85,0.21832985165215033,99,0.11142451417220543,False,-14
JAMSHORO DISTRICT,Sindh,86,0.21767700041376709,77,0.14647539583374813,False,9
FR PESHAWAR DISTRICT,Fata,87,0.21608840844372593,94,0.11932971298826694,True,-7
KILLA SAIFULLAH DISTRICT,Balochistan,88,0.21493551169700922,89,0.12506461724909643,False,-1
BANNU DISTRICT,Khyber Pakhtunkhwa,89,0.21328574185203542,83,0.13693986195335076,False,6
QUETTA DISTRICT,Balochistan,90,0.21178750350738532,80,0.14213757900471813,False,10
BUNER DISTRICT,Khyber Pakhtunkhwa,91,0.2116545921752682,92,0.11978719413502201,False,-1
ATTOCK DISTRICT,Punjab,92,0.21123189173944856,90,0.12308136821358555,False,2
GUJRANWALA DISTRICT,Punjab,93,0.2102215141331436,82,0.1400997260044764,False,11
TANDO ALLAHYAR DISTRICT,Sindh,94,0.20351184073695436,98,0.11237244666337873,False,-4
UMER KOT DISTRICT,Sindh,95,0.20003599667581878,114,0.08492748195362006,False,-19
PESHAWAR DISTRICT,Khyber Pakhtunkhwa,96,0.1997697303919356,79,0.1451812270541557,False,17
RAWALPINDI DISTRICT,Punjab,97,0.1956524016393843,91,0.12117826807215688,False,6
KARACHI SOUTH DISTRICT,Sindh,98,0.19028958444337615,66,0.16701253580186762,False,32
JHANG DISTRICT,Punjab,99,0.18881959613585947,102,0.10674754504489248,False,-3
DADU DISTRICT,Sindh,100,0.1887536593598398,103,0.10646659284299971,False,-3
HYDERABAD DISTRICT,Sindh,101,0.18713938578702338,86,0.13116857563273537,False,15
SOUTH WAZIRISTAN A DISTRICT,Fata,102,0.18692905118002545,110,0.0927289472424113,True,-8
MARDAN DISTRICT,Khyber Pakhtunkhwa,103,0.18615116204356771,95,0.11802497611203,False,8
NAUSHAHRO FEROZE DISTRICT,Sindh,104,0.18507259991383268,109,0.09277090004225767,False,-5
ABBOTTABAD DISTRICT,Khyber Pakhtunkhwa,105,0.1845500529591664,104,0.09980805485126523,False,1
LODHRAN DISTRICT,Punjab,106,0.18397253229405544,101,0.10721649415708147,False,5
SWAT DISTRICT,Khyber Pakhtunkhwa,107,0.18317948628229397,93,0.1197469068607538,False,14
BATAGRAM DISTRICT,Khyber Pakhtunkhwa,108,0.18013849863321876,119,0.0788254209177876,False,-11
LAKKI MARWAT DISTRICT,Khyber Pakhtunkhwa,109,0.17563270111595677,96,0.11590277672210972,True,13
JHELUM DISTRICT,Punjab,110,0.17467809459573264,112,0.08862069403191565,False,-2
SANGHAR DISTRICT,Sindh,111,0.17287029221824335,131,0.05502444793308113,False,-20
KHUSHAB DISTRICT,Punjab,112,0.17099076502266747,126,0.06652157197661207,False,-14
OKARA DISTRICT,Punjab,113,0.16717344241512472,106,0.09858835343762143,False,7
MOHMAND AGENCY DISTRICT,Fata,114,0.16699542160945918,118,0.07989170286533635,True,-4
NANKANA SAHIB DISTRICT,Punjab,115,0.1658102812877402,120,0.07831468017640036,False,-5
KOHAT DISTRICT,Khyber Pakhtunkhwa,116,0.1655805614982322,117,0.08017867106419256,False,-1
NORTH WAZIRISTAN AGENCY DISTRICT,Fata,117,0.16393707097780771,105,0.09907397781625552,True,12
SWABI DISTRICT,Khyber Pakhtunkhwa,118,0.16219315207123242,113,0.08667885158261557,False,5
KURRAM AGENCY DISTRICT,Fata,119,0.16021730040094584,134,0.04042598196398131,False,-15
NOWSHERA DISTRICT,Khyber Pakhtunkhwa,120,0.15944029074235028,115,0.08328866336026683,False,5
MALIR DISTRICT,Sindh,121,0.15398331287387299,116,0.08131902570033167,False,5
LARKANA DISTRICT,Sindh,122,0.15358764746072587,123,0.06890909332681255,False,-1
KARACHI WEST DISTRICT,Sindh,123,0.15220885051846936,100,0.10857082500082565,False,23
CHARSADDA DISTRICT,Khyber Pakhtunkhwa,124,0.14758442505124866,122,0.07573365710622094,False,2
MALAKAND PROTECTED AREA DISTRICT,Khyber Pakhtunkhwa,125,0.1456275739687,125,0.0667103574318448,False,0
GUJRAT DISTRICT,Punjab,126,0.14481918838925162,129,0.0632024297214767,False,-3
ISLAMABAD DISTRICT,Federal Capital Territory,127,0.1402591692631073,121,0.07760106343769448,False,6
KHYBER AGENCY DISTRICT,Fata,128,0.14016043479063178,124,0.06784391621984141,False,4
SHEIKHUPURA DISTRICT,Punjab,129,0.136282209516485,128,0.06381489170663589,False,1
SIALKOT DISTRICT,Punjab,130,0.13573054015612254,127,0.06468742878218843,False,3
MANSEHRA DISTRICT,Khyber Pakhtunkhwa,131,0.13014551518726653,132,0.051744532664535686,False,-1
BAJAUR AGENCY DISTRICT,Fata,132,0.12663900394008393,133,0.0430796224995917,False,-1
KARACHI EAST DISTRICT,Sindh,133,0.11451822724678004,107,0.09841112166741568,False,26
KARACHI CENTRAL DISTRICT,Sindh,134,0.05643510545515579,130,0.05643510545515579,False,4
KORANGI DISTRICT,Sindh,135,0.03606077683681086,135,0.023442700057051225,False,0
