district_key,area_sqkm,population_2017,male,female,sex_ratio,pop_density_per_sqkm,urban_pct,avg_household_size,pop_growth_rate_pct,population_under5,literacy_rate_pct,mean_persons_per_room,improved_water_pct,improved_sanitation_pct
BANNU DISTRICT,1227,1167071,592625,574422,103.17,951.16,4.28,9.34,2.91,191230.0,47.52550270877685,2.8060324898764146,83.63070381899628,38.94583217337754
LAKKI MARWAT DISTRICT,3164,875744,441717,434023,101.77,276.78,10.19,8.71,3.1,153713.0,44.818128805746234,2.8406894484734466,55.99475017174731,47.37969998051822
DERA ISMAIL KHAN DISTRICT,7326,1625088,837685,787301,106.4,221.82,22.17,7.96,3.44,258104.0,44.18138161764906,3.122703037378661,72.37080792105223,37.13132191022875
TANK DISTRICT,1679,390626,200100,190499,105.04,232.65,12.05,8.85,2.63,67978.0,41.36542552564007,2.8779853952610024,54.924322421682504,24.589933122140092
ABBOTTABAD DISTRICT,1967,1333089,677857,655196,103.46,677.73,22.05,6.08,2.2,165094.0,76.20148266480294,2.5244228368231907,64.1970177413103,46.682669182237206
BATAGRAM DISTRICT,1301,476749,238402,238312,100.04,366.45,0.0,6.88,2.33,78239.0,,3.027785090618087,52.3842050954118,24.607961399276235
HARIPUR DISTRICT,1725,1001515,498202,503266,98.99,580.59,13.29,6.07,1.96,127594.0,72.20509820086964,2.465893990078519,70.71657635057063,42.63867176638511
MANSEHRA DISTRICT,4125,1555742,771976,783509,98.53,377.15,9.31,6.51,2.47,217933.0,62.55948832599377,,46.78824979806998,49.07282234408876
TORGHAR DISTRICT,454,171349,86059,85274,100.92,377.42,0.0,6.49,-0.1,29389.0,23.85686241114408,3.198660991735837,32.37700239716906,7.2523876564818694
KOHISTAN DISTRICT,7492,784711,424643,360055,117.94,104.74,0.0,7.84,2.7,124502.0,,3.9917657881925632,25.518795328578758,8.948527858529568
HANGU DISTRICT,1097,518811,249044,269732,92.33,472.94,19.76,10.29,2.66,82717.0,43.589197296767544,2.6971821846193382,40.174691095014914,44.35875585854282
KARAK DISTRICT,3371,705362,348315,357004,97.57,209.24,7.24,9.38,2.62,111397.0,63.753291866911226,2.4621299961904057,37.58638359161854,27.914191144902848
KOHAT DISTRICT,2545,992427,495782,496539,99.85,389.95,27.2,8.0,3.03,141253.0,59.294581986788224,2.7188706826784617,61.65251563065375,40.31825104975723
MARDAN DISTRICT,1632,2373399,1201122,1172215,102.47,1454.29,18.55,7.57,2.59,346965.0,56.80791978968431,3.0626069177718427,89.17412489571464,59.57850861388935
SWABI DISTRICT,1543,1625477,815828,809550,100.78,1053.45,16.98,7.56,2.44,224350.0,59.060966788140796,3.140808328571308,72.57202074500303,60.77330027256208
CHARSADDA DISTRICT,996,1610960,817651,793298,103.07,1617.43,16.77,7.3,2.42,238442.0,50.72053900800046,3.3269268311238562,78.32008610697136,56.80162278522934
NOWSHERA DISTRICT,1748,1520995,783035,737834,106.13,870.13,22.32,7.52,2.95,220079.0,58.21446938633679,3.108496125840934,76.94421839733452,57.522250712688155
PESHAWAR DISTRICT,1257,4267198,2198005,2068568,106.26,3394.75,46.16,8.37,3.99,640771.0,55.03745552511623,2.843058889348767,82.64850851493517,57.00760269324697
BUNER DISTRICT,1865,895460,445872,449555,99.18,480.14,0.0,9.36,3.04,139603.0,46.840375215735875,,50.423701473276694,32.47983654156361
CHITRAL DISTRICT,14850,447625,225669,221934,101.68,30.14,11.12,7.23,1.8,60424.0,64.66984692491168,2.4082694194355083,59.57492239212917,63.07343593449731
SHANGLA DISTRICT,1586,759609,386082,373508,103.37,478.95,0.0,8.44,2.98,135718.0,33.13071404840714,3.1358289433182516,58.85773765075917,23.507116511664744
SWAT DISTRICT,5337,2308624,1171947,1136544,103.11,432.57,30.14,8.37,3.24,350845.0,50.27133149581123,2.886329409451923,53.828042542826985,35.38014717279149
LOWER DIR DISTRICT,1583,1436082,709829,726203,97.75,907.19,2.81,9.17,3.27,239244.0,57.28904454988397,2.689418612140151,52.493692615808776,34.2055296902229
UPPER DIR DISTRICT,3699,947401,466594,480766,97.05,256.12,4.65,7.86,3.26,179229.0,46.094080062479904,3.11792766790038,54.18174490558434,34.00223339854409
MALAKAND PROTECTED AREA DISTRICT,952,717806,360440,357333,100.87,754.0,9.43,7.85,2.46,109216.0,61.83063311224141,2.6838208531392236,57.6879201692306,42.08503616085767
KHYBER AGENCY DISTRICT,2576,984246,504502,479669,105.18,382.08,9.9,8.49,3.14,181263.0,41.970512550569545,3.2074703735199193,35.770487400975696,16.673678557042475
KURRAM AGENCY DISTRICT,3380,615372,306935,308393,99.53,182.06,6.18,8.81,1.68,106814.0,40.4280841823043,2.4975582350927086,40.57482744741432,37.155081170525186
MOHMAND AGENCY DISTRICT,2296,474345,241549,232755,103.78,206.6,0.0,9.37,1.85,78675.0,30.387577366877284,3.034324649523398,27.016847561963388,16.163129758626276
NORTH WAZIRISTAN AGENCY DISTRICT,4707,540546,277749,262764,105.7,114.84,0.81,8.46,2.14,99291.0,36.60836270031605,2.813577480697895,29.358016304347824,15.95618206521739
ORAKZAI AGENCY DISTRICT,1538,254303,127564,126728,100.66,165.35,0.0,8.0,0.63,46793.0,37.42829739178862,2.3352194281396894,21.701895628187447,19.453443243416622
SOUTH WAZIRISTAN A DISTRICT,6620,675215,355611,319554,111.28,102.0,0.0,7.98,2.4,,,,,
BAJAUR AGENCY DISTRICT,1290,1090987,556036,534895,103.95,845.73,0.0,8.86,3.23,200587.0,29.927723063979233,3.009405738885642,31.105385761439496,24.621564447224806
FR BANNU DISTRICT,745,43112,22286,20826,107.01,57.87,0.0,9.74,4.23,7651.0,18.690726595077308,2.529971692669912,9.734081483288607,11.905342766528422
FR D.I.KHAN DISTRICT,2008,68506,35356,33146,106.67,34.12,0.0,9.56,3.01,13839.0,20.939221180790415,,11.438627364716234,8.06569878281273
FR KOHAT DISTRICT,446,118839,59983,58851,101.92,266.46,0.0,8.09,1.56,17454.0,52.65517323604454,3.0537330420812183,44.36669493921402,45.66016398077467
FR LAKKI MARWAT DISTRICT,132,26394,13685,12709,107.68,199.95,0.0,7.84,7.23,4803.0,20.37135907931423,2.104987461086129,12.621065375302663,6.5375302663438255
FR PESHAWAR DISTRICT,261,64761,31676,33081,95.75,248.13,0.0,8.98,0.97,9357.0,53.46038553267838,2.6239612643662684,46.62143059089624,21.487135990952783
FR TANK DISTRICT,1221,36418,18783,17632,106.53,29.83,0.0,8.43,1.54,6363.0,36.83588639912225,3.196285016274083,26.336248785228378,13.824101068999028
ATTOCK DISTRICT,6857,1886378,938650,947597,99.06,275.1,26.02,6.09,2.08,222025.0,66.91014471112733,2.268521133596411,72.15517326822628,38.27759258096808
CHAKWAL DISTRICT,6525,1495463,723178,772166,93.66,229.1897,18.96456,5.55,1.71,165863.0,74.64329231666925,2.035555626243936,77.63805440656985,43.328250958606326
JHELUM DISTRICT,3587,1222403,601406,620862,96.87,340.79,28.98,5.88,1.41,133895.0,78.93682276141554,2.150252149186739,77.70679682206095,40.46962004183566
RAWALPINDI DISTRICT,5285,5402380,2736180,2665089,102.67,1022.21,55.64,6.01,2.52,618602.0,82.44724474346857,2.1209949774623413,71.35064752252252,64.55483961784365
BHAKKAR DISTRICT,8153,1647852,843056,804669,104.77,202.12,15.76,6.12,2.39,223910.0,51.817985770278696,2.9614714481130573,97.08473460348574,29.965920611109656
KHUSHAB DISTRICT,6511,1280372,637474,642791,99.17,196.65,27.57,6.06,1.84,151203.0,59.746204843367224,2.4593354924138917,77.03780088415304,32.16130541472124
SARGODHA DISTRICT,5856,3696212,1867724,1828074,102.17,631.18,29.44,6.17,1.73,457522.0,65.5385784773808,2.883119058182398,86.79304240901014,38.377890832438126
MIANWALI DISTRICT,5840,1542601,771969,770502,100.19,264.14,21.25,6.41,2.01,196785.0,61.28097503667996,2.656631476162726,82.70281401291017,40.796883405056484
GUJRANWALA DISTRICT,3622,5011066,2528990,2481457,101.92,1383.51,58.85,6.63,2.06,619496.0,75.15902625974812,2.6794890565182894,93.1152609099948,63.5257367592656
GUJRAT DISTRICT,3192,2756289,1334775,1421295,93.91,863.5,30.02,6.2,1.57,323895.0,78.67715078630897,2.317938995950883,84.96150606931654,45.6363628041524
HAFIZABAD DISTRICT,2367,1156954,584668,572188,102.18,488.78,34.81,6.57,1.74,148005.0,61.8033932100694,2.8391004095012566,93.04268804974653,38.80103105156972
MANDI BAHAUDDIN DISTRICT,2673,1594039,775788,818056,94.83,596.35,20.47,6.27,1.68,196009.0,68.62590855646411,2.6277195940828304,86.65791029614256,51.38825508815231
NAROWAL DISTRICT,2337,1707575,839934,867472,96.83,730.67,15.03,7.07,1.59,231024.0,73.50828731499342,2.625713079030514,88.3210797075792,34.369025055714076
SIALKOT DISTRICT,3016,3894938,1921289,1973150,97.37,1291.43,29.39,6.7,1.9,481850.0,77.89812601310803,2.470139206918961,91.59547637901024,45.466437369406954
LAHORE DISTRICT,1772,11119985,5813987,5303982,109.62,6275.39,100.0,6.23,3.0,1304204.0,77.08048130522751,2.8630093869094186,88.86577198517844,91.67854512524681
KASUR DISTRICT,3995,3454881,1788617,1666044,107.36,864.8,25.78,6.58,2.03,465054.0,60.76763816147453,3.526499341667934,90.76329538770285,46.993568081073704
NANKANA SAHIB DISTRICT,2216,1354986,690274,664558,103.87,611.46,18.09,6.25,1.37,173077.0,63.71325878594249,3.0756467092795403,69.38659177487973,28.61922902242119
SHEIKHUPURA DISTRICT,3744,3460004,1786383,1673242,106.76,924.15,34.73,6.62,2.22,435178.0,67.02016355257372,3.0663183948111152,94.97263630992164,57.84151338157092
FAISALABAD DISTRICT,5857,7882444,4038932,3842684,105.11,1345.82,47.79,6.42,1.98,970053.0,69.83484104215017,2.962405894690841,67.8244792777246,49.52270912778502
CHINIOT DISTRICT,2643,1368659,699606,668914,104.59,517.84,30.85,6.21,1.85,188252.0,50.050375818796915,3.126205285444087,91.35391444713478,21.486352630420427
JHANG DISTRICT,6166,2742633,1394928,1347444,103.52,444.8,21.82,6.35,2.03,389915.0,55.63683648563073,2.95052959914262,93.71856294439434,17.3737539387834
TOBA TEK SINGH DISTRICT,3252,2191495,1100365,1090879,100.87,673.89,20.17,6.42,1.59,278080.0,67.32032503607635,2.668427086312331,87.93013208902924,36.45089463926122
SAHIWAL DISTRICT,3201,2513011,1276646,1236119,103.28,785.07,20.52,6.35,1.64,315224.0,61.142661520892005,2.909184440138131,86.4848993931162,46.06240409729545
OKARA DISTRICT,4377,3040826,1564470,1476071,105.99,694.73,27.71,6.16,1.64,408557.0,58.275454086838096,3.2972254923676854,90.30653682707927,31.673421169212595
PAKPATTAN DISTRICT,2724,1824228,928110,895899,103.6,669.69,15.84,5.96,1.85,256381.0,52.69661762289915,3.302344739815449,85.54606493425399,32.2147253982391
BAHAWALNAGAR DISTRICT,8878,2975656,1510427,1464900,103.11,335.17,20.83,6.16,1.95,407080.0,53.080773934421714,3.133978445665555,83.20709045078404,27.90270020077935
BAHAWALPUR DISTRICT,24830,3669176,1879702,1789148,105.06,147.77,31.95,6.24,2.18,516921.0,50.26759013905788,3.2655316599090396,86.12656051496344,38.80614864127091
RAHIM YAR KHAN DISTRICT,11880,4807762,2461780,2345413,104.96,404.69,21.44,6.77,2.26,695406.0,46.61812910202031,3.460895035513278,85.35168663049517,37.42921493381016
DERA GHAZI KHAN DISTRICT,11922,2872631,1451327,1421127,102.13,240.95,19.01,8.15,2.98,479059.0,46.67374906033259,3.3257262259703286,74.60156484926387,21.16614878450009
RAJANPUR DISTRICT,12318,1996039,1028164,967668,106.25,162.04,16.9,7.44,3.16,332441.0,33.745354288816,4.203592696371524,79.99716955512291,15.450404103380087
LAYYAH DISTRICT,6289,1823995,924837,899016,102.87,290.03,17.61,6.42,2.59,267107.0,58.18541462241724,3.305105650705307,96.45473648341662,24.27128293957292
MUZAFFARGARH DISTRICT,8249,4328549,2223085,2105145,105.6,524.74,16.13,6.48,2.64,673900.0,47.110587192954135,3.721934835454555,96.8404054140195,18.920686860469704
MULTAN DISTRICT,3720,4746166,2435195,2310408,105.4,1275.85,43.38,6.17,2.23,626135.0,60.21406153878236,3.2386604310601323,92.97841946570519,48.213965673561475
KHANEWAL DISTRICT,4349,2920233,1482668,1437272,103.16,671.47,20.08,6.22,1.83,388512.0,58.593574106493435,3.026181831022273,95.58103755710384,27.10986466739765
LODHRAN DISTRICT,2778,1699693,861394,838156,102.77,611.84,15.63,6.43,1.97,239525.0,49.88473053516951,3.145042933398656,83.25775142882165,32.49298440004721
VEHARI DISTRICT,4364,2902081,1463796,1437989,101.79,665.0,17.44,6.28,1.74,403151.0,55.3624237804878,2.990742652008737,88.40514358783332,38.26017248402704
JACOBABAD DISTRICT,2698,1007009,514786,492061,104.62,373.24,29.51,5.63,1.72,173404.0,34.065293461839985,4.519781823410179,61.74383275893343,18.17068746598948
KASHMORE DISTRICT,2580,1090336,564663,525558,107.44,422.61,23.26,5.84,2.53,,30.5809333559387,4.527439409217639,92.0686978671302,
KAMBAR SHAHDAD KOT DISTRICT,5475,1338035,680567,657290,103.54,244.39,29.66,6.05,1.96,219914.0,38.08269641455386,4.514807298086409,63.14281128917624,22.352752367196278
LARKANA DISTRICT,1948,1521786,775934,745530,104.08,781.2,45.93,5.78,2.22,221400.0,53.80121337805702,3.8556642648887194,95.21223078435379,36.260991245552425
SHIKARPUR DISTRICT,2512,1233760,635558,598130,106.26,491.15,24.68,5.94,1.79,206025.0,40.47771393073459,4.517078222563581,91.33253609796112,25.99399108545902
GHOTKI DISTRICT,6083,1648708,850272,798271,106.51,271.04,21.89,5.56,2.83,270196.0,40.87889135908459,4.439693832229629,89.28044286850431,19.167815628896197
KHAIRPUR DISTRICT,15910,2405190,1240254,1164826,106.48,151.17,32.31,5.83,2.34,386275.0,49.152366385635055,4.236765494603482,89.3627719199657,22.911028625229836
SUKKUR DISTRICT,5165,1488372,776332,711882,109.05,288.16,48.43,5.64,2.49,226757.0,54.72549079126843,4.0884980912039754,90.66548903950758,41.30164115573471
BADIN DISTRICT,6858,1804958,931177,873589,106.59,263.19,21.63,5.0,2.61,289324.0,33.65466383314592,4.329589291121473,59.22994275353803,15.939194520455958
DADU DISTRICT,7866,1550390,795700,754480,105.46,197.1,24.73,5.38,1.79,232894.0,47.26331915216536,4.199194514089875,69.97991296792055,21.13078381639538
HYDERABAD DISTRICT,993,2199928,1145216,1054407,108.61,2215.44,83.03,5.01,2.05,267218.0,65.76100683524815,3.261798519364861,87.16660744848599,64.83043860932489
JAMSHORO DISTRICT,11204,993908,523069,470702,111.13,88.71,43.53,5.37,2.85,140024.0,46.472344997193034,3.9467156412880198,57.64143497657444,35.095241560360705
MATIARI DISTRICT,1417,770040,396922,373041,106.4,543.43,23.72,5.34,2.36,109988.0,42.62533435443235,4.2637180338196465,82.5174333595771,26.571814194128894
SUJAWAL DISTRICT,8785,779062,404810,374142,108.2,88.68,10.97,5.07,2.21,121160.0,25.124008923714374,4.521388897505708,49.131753666769754,15.446822790890486
TANDO ALLAHYAR DISTRICT,1554,838527,432697,405709,106.65,539.59,31.97,5.04,2.82,126763.0,38.23010171988977,4.212489136266341,68.46436381134535,25.207555444561528
TANDO MUHAMMAD KHAN DISTRICT,1423,677098,349122,327888,106.48,475.82,20.98,5.13,2.31,103215.0,31.96316446779916,4.424248069109903,64.28462349006612,14.876380129193837
THATTA DISTRICT,8570,982138,510143,471958,108.09,114.6,17.97,5.35,2.63,148104.0,27.883054480139556,4.539795424892441,41.62956564112787,16.452366713181384
KARACHI CENTRAL DISTRICT,69,2971382,1542028,1428860,107.92,43063.51,100.0,5.48,1.41,310378.0,81.52403182480568,2.485697110984648,89.65708958576691,97.63474555964896
KARACHI EAST DISTRICT,139,2875315,1506788,1368002,110.15,20685.72,100.0,5.64,3.44,323085.0,75.99509154440985,2.3952057618656037,88.48676088907088,93.43293528683235
KARACHI SOUTH DISTRICT,122,1769230,930691,838349,111.01,14501.89,100.0,5.43,0.98,174872.0,77.7861668928183,2.579149711517348,84.38319140130184,96.96737862616483
KARACHI WEST DISTRICT,929,3907065,2056119,1850580,111.11,4205.67,92.76,6.13,3.34,503331.0,65.60300668708918,2.977032762365219,66.86897153144142,89.50018515223361
KORANGI DISTRICT,108,2577556,1347161,1229899,109.53,23866.26,100.0,5.8,2.68,288465.0,80.19145478416806,2.726042076692634,82.14837006658568,94.84623183507942
MALIR DISTRICT,2160,1924346,1028865,895329,114.91,890.9,55.43,5.87,3.77,251179.0,63.69304745499642,3.2152654334938355,81.755210861029,83.79102351584216
MIRPUR KHAS DISTRICT,2925,1504440,776146,728071,106.6,514.34,28.85,5.25,2.13,226755.0,42.405606089985696,4.048986508547122,53.334129641274984,24.091594149947127
THARPARKAR DISTRICT,19637,1647036,881018,765862,115.04,83.87,8.05,5.45,3.14,324617.0,29.77956777919231,2.8664014368650443,12.55988238549421,5.88772615289219
UMER KOT DISTRICT,5608,1073469,556470,516841,107.67,191.42,22.69,5.03,2.55,183438.0,35.07296677023362,3.7637302282816707,33.23553785923167,10.85005858202913
SANGHAR DISTRICT,10728,2049873,1059051,990578,106.91,191.08,27.89,5.47,2.34,306387.0,41.40329128215894,4.179056395571681,71.77842204247477,21.101854296784484
NAUSHAHRO FEROZE DISTRICT,2946,1612047,831392,780446,106.53,547.2,23.52,5.79,2.09,241029.0,53.83025959049146,4.126312379858881,95.07795503988397,29.70195794053662
SHAHEED BENAZIRABAD DISTRICT,4502,1613506,833235,780089,106.81,358.4,30.36,5.38,2.02,243816.0,46.86361018794149,4.134516958001457,87.48125302575318,27.538670395184525
AWARAN DISTRICT,29510,121821,63063,58749,107.34,4.13,28.1,6.61,0.16,19857.0,25.4673304293715,2.6568708259473754,14.354357671490114,8.317684745388268
KALAT DISTRICT,8416,412058,211806,200251,105.77,48.96,17.57,7.38,2.93,84152.0,41.586199633848,2.614080928167779,32.68857027611749,13.736203292875215
KHARAN DISTRICT,14958,162766,84631,78135,108.31,10.88,31.57,6.56,2.76,30095.0,40.93276263538778,3.5771166838641135,39.74521771187482,7.311678204235449
KHUZDAR DISTRICT,35380,798896,419351,379468,110.51,22.58,34.52,6.59,3.47,157774.0,35.90246385664834,2.8076215483973206,31.803234455893016,21.539992242702237
LASBELA DISTRICT,15153,576271,301204,275056,109.51,38.03,48.92,6.21,3.26,89608.0,34.487727592797505,4.159993200440455,21.87311310915698,22.212341775626037
MASTUNG DISTRICT,3308,265676,137504,128169,107.28,80.31,13.17,6.84,3.05,46832.0,39.65643972936526,2.270944826719335,45.37020097744558,14.575438413088362
WASHUK DISTRICT,33093,175712,91841,83870,109.5,5.31,12.43,5.6,2.49,36904.0,23.85557216660674,3.4149427928796348,21.049392712550606,9.097975708502025
GWADAR DISTRICT,12637,262253,141116,121120,116.51,20.75,61.31,6.36,1.84,34698.0,51.97108062960758,3.6735865183446443,60.613869469816805,12.035005357962953
KECH DISTRICT,22539,907182,492878,414202,118.99,40.25,33.29,6.58,4.22,115787.0,62.660903111424105,3.1025216213843523,45.39080057204565,29.969646557511016
PANJGUR DISTRICT,16891,315353,166379,148952,111.7,18.67,25.5,7.38,1.58,62335.0,59.22071598402478,2.3624056764999737,22.40653099858022,10.86606720302887
JAFFARABAD DISTRICT,1643,513972,262872,251047,104.71,312.83,30.68,6.46,3.03,93998.0,30.659670397527517,4.552452575075712,40.45251439935945,15.683033292868766
JHAL MAGSI DISTRICT,3615,148900,76726,72173,106.31,41.19,5.25,5.95,1.61,28548.0,23.4576945786953,4.06042125548903,21.020030568739443,4.9674201592792215
KACHHI DISTRICT,5682,309932,164291,145633,112.81,54.55,16.45,7.47,1.02,52850.0,32.97850041921188,3.323147303962665,22.826193270735523,12.5929186228482
NASIRABAD DISTRICT,3387,487847,251564,236282,106.47,144.04,19.74,7.31,3.66,95524.0,23.303749002205297,4.575786103322961,44.80731548007838,6.503685732947654
SOHBATPUR DISTRICT,802,200426,102967,97449,105.66,249.91,6.42,6.54,1.84,40050.0,33.15026596837977,4.996996940725771,48.72484558677027,10.898585375572823
CHAGAI DISTRICT,44748,226517,118973,107537,110.63,5.06,7.18,6.87,4.15,,36.911276238742595,3.017791275871346,20.94189301424221,
KILLA ABDULLAH DISTRICT,4894,758354,399299,359051,111.21,154.96,19.69,7.55,3.98,146256.0,42.87245240500592,2.5798808119829904,68.71017131507077,15.811470661259621
NUSHKI DISTRICT,5797,178947,92571,86373,107.18,30.87,25.93,7.88,3.21,29647.0,51.66640380512829,2.710225152614218,68.30251197779072,19.30327318318184
PISHIN DISTRICT,6218,736903,380615,356227,106.85,118.51,19.38,5.81,3.59,137385.0,52.97240517232324,2.624613884708176,66.75958689105968,18.060336909031367
QUETTA DISTRICT,3447,2269473,1190476,1078718,110.36,658.39,44.04,7.97,5.81,363210.0,58.76283812593311,2.5503370488620813,64.73198490388017,55.579225144474584
DERA BUGTI DISTRICT,10160,313110,165056,148053,111.48,30.82,32.05,6.65,2.91,74868.0,26.546335526391328,3.836411812829615,28.610246745847395,10.279616075733006
HARNAI DISTRICT,2492,97052,51964,45069,115.3,38.95,25.31,5.6,1.25,16221.0,36.242559870701044,2.972234224590939,25.703189360950923,17.818053430622573
KOHLU DISTRICT,7610,213933,112124,101809,110.13,28.11,8.15,7.98,4.08,38818.0,18.771934977018752,2.8753913075642914,15.973345659040136,6.601956705954857
SIBI DISTRICT,7121,179751,94723,85009,111.43,25.24,35.98,6.41,1.46,27830.0,45.96567913226485,3.395861302536984,51.50310924678956,28.373256798027743
ZIARAT DISTRICT,3301,160095,82161,77912,105.45,48.5,2.12,5.52,3.66,27234.0,45.36089338710905,2.8267321600477344,15.867803242034656,21.544857462269423
BARKHAN DISTRICT,3514,171025,89911,81100,110.86,48.67,7.13,6.55,2.67,33216.0,26.986742495574553,3.013424038506472,26.885181550539745,12.765456329735034
KILLA SAIFULLAH DISTRICT,6831,342932,181806,161121,112.84,50.2,18.46,6.43,3.05,69522.0,32.770682953914495,2.7650449861186552,38.7851711026616,8.216730038022813
LORALAI DISTRICT,8018,397423,212502,184905,114.92,49.57,16.33,7.0,2.46,71625.0,37.16097815104825,2.741909355519007,45.70392033465369,21.304557065116796
MUSAKHEL DISTRICT,5728,167243,90733,76498,118.61,29.2,8.45,6.78,1.17,36060.0,25.859683288064367,2.7652985040539,15.568345323741006,6.006166495375129
SHERANI DISTRICT,4310,152952,84390,68561,123.09,35.49,0.0,7.3,3.35,36394.0,28.000283882567246,2.833373412561624,17.363470724380754,5.810804156202295
ZHOB DISTRICT,15987,310354,168239,142114,118.38,19.41,14.87,6.63,2.51,60914.0,33.435057062831824,2.611654873149331,39.20694038671692,16.160039251544415
ISLAMABAD DISTRICT,906,2003368,1052328,950760,110.68,2211.22,50.37,5.86,4.9,235270.0,81.48692280430839,2.1178339315373593,68.13439913290883,74.58670159117253
