district_key,area_sqkm,population_2017,male,female,sex_ratio,pop_density_per_sqkm,urban_pct,avg_household_size,pop_growth_rate_pct,population_under5,literacy_rate_pct,mean_persons_per_room,improved_water_pct,improved_sanitation_pct,province,n_households_hr,mean_wealth_score,pct_lowest_wealth_quintile,n_women_ir,mean_years_education,pct_no_education,n_women_with_recent_birth,mean_anc_visits,pct_zero_anc_visits,low_dhs_hr_coverage,low_dhs_ir_coverage,low_dhs_anc_coverage,improved_water_pct_imputed,improved_sanitation_pct_imputed,wash_index,mean_persons_per_room_imputed,household_pressure_index,remoteness_proxy,population_under5_imputed,under5_share_pct,anc_deficit_index,anc_data_source,education_adequacy,education_data_source,wealth_adequacy,wealth_data_source,deprivation_index,deprivation_data_source,facility_count_in_district,facility_distance_km,low_osm_facility_coverage
BANNU DISTRICT,1227,1167071,592625,574422,103.17,951.16,4.28,9.34,2.91,191230.0,47.52550270877685,2.806032489876414,83.63070381899628,38.94583217337754,Khyber Pakhtunkhwa,52.0,-0.2877681214702942,18.40908854464685,63.0,1.6702986563993991,72.94662898208296,38.0,2.88773339944598,5.112014135672737,False,False,False,False,False,0.6063238312059909,False,0.5402927161111605,0.4218676534793749,False,16.385464123433792,0.6517375749170257,dhs,0.162538962271195,dhs,0.4278148569382502,dhs,0.6245460472990826,education=dhs;wealth=dhs,1,7.36,False
LAKKI MARWAT DISTRICT,3164,875744,441717,434023,101.77,276.78,10.19,8.71,3.1,153713.0,44.81812880574624,2.8406894484734466,55.99475017174731,47.37969998051822,Khyber Pakhtunkhwa,54.0,-0.7836312743741094,38.23641520577748,47.0,0.6373442345710706,93.47697095182856,33.0,2.907490144183396,8.558457022520166,False,False,False,False,False,0.4936402519246967,False,0.4865977690814211,0.558210331078389,False,17.55227555084591,0.6492208171959193,dhs,0.0620208069376186,dhs,0.2667086964459033,dhs,0.7225417236153363,education=dhs;wealth=dhs,0,46.72,True
DERA ISMAIL KHAN DISTRICT,7326,1625088,837685,787301,106.4,221.82,22.17,7.96,3.44,258104.0,44.18138161764906,3.122703037378661,72.37080792105223,37.13132191022875,Khyber Pakhtunkhwa,139.0,-0.6729479269063843,41.83557554170198,146.0,1.4464419551021768,83.18975939110375,90.0,2.302765389326171,20.425564741742328,False,False,False,False,False,0.5320811070057538,False,0.4633235459989352,0.5826106244890343,False,15.882462980466288,0.7262550511326876,dhs,0.1407551718173739,dhs,0.3026697656169865,dhs,0.6730170706775126,education=dhs;wealth=dhs,8,13.26,False
TANK DISTRICT,1679,390626,200100,190499,105.04,232.65,12.05,8.85,2.63,67978.0,41.36542552564007,2.8779853952610024,54.9243224216825,24.58993312214009,Khyber Pakhtunkhwa,55.0,-0.2553551844884301,15.617676292410332,70.0,1.5779356757160377,83.67498638957085,50.0,2.9666350176120004,15.02049918337425,False,False,False,False,False,0.3645475700843668,False,0.5061272081053331,0.5773579220936319,False,17.402323450051966,0.6416865134002439,dhs,0.1535509989659319,dhs,0.4383458346825099,dhs,0.6677629671560974,education=dhs;wealth=dhs,0,27.2,True
ABBOTTABAD DISTRICT,1967,1333089,677857,655196,103.46,677.73,22.05,6.08,2.2,165094.0,76.20148266480294,2.5244228368231907,64.1970177413103,46.682669182237206,Khyber Pakhtunkhwa,105.0,-0.1474653772267833,12.224184319294194,105.0,6.464561536521244,28.46170062985152,46.0,4.385903232199034,2.5765730957989463,False,False,False,False,False,0.5368295571841863,False,0.1846181251602883,0.4593326909520379,False,12.384319426534912,0.4608898141030068,dhs,0.6290749978506794,dhs,0.4733992813893171,dhs,0.4081307736726731,education=dhs;wealth=dhs,4,6.55,False
BATAGRAM DISTRICT,1301,476749,238402,238312,100.04,366.45,0.0,6.88,2.33,78239.0,,3.027785090618087,52.3842050954118,24.607961399276235,Khyber Pakhtunkhwa,25.0,-0.4158644000000001,36.00000000000001,35.0,1.4,80.0,21.0,3.142857142857144,14.285714285714288,True,False,True,False,False,0.3501050713225649,False,0.3452185173319349,0.527247738894917,False,16.41094160658963,0.6192380584429568,dhs,0.13623584399583,dhs,0.386196318665288,dhs,0.6682203223371503,education=dhs;wealth=dhs,4,3.87,False
HARIPUR DISTRICT,1725,1001515,498202,503266,98.99,580.59,13.29,6.07,1.96,127594.0,72.20509820086964,2.465893990078519,70.71657635057063,42.63867176638511,Khyber Pakhtunkhwa,80.0,0.1721721724980697,9.210511290777053,92.0,4.347786297230627,47.34048826241179,48.0,4.805397397766589,7.889071895681961,False,False,False,False,False,0.5523278986812011,False,0.1737911278176223,0.4764275121293929,False,12.740098750393154,0.4074515987399362,dhs,0.4230888112262279,dhs,0.577249664471404,dhs,0.4443471061658021,education=dhs;wealth=dhs,7,1.94,False
MANSEHRA DISTRICT,4125,1555742,771976,783509,98.53,377.15,9.31,6.51,2.47,217933.0,62.55948832599377,3.017791275871346,46.78824979806998,49.07282234408876,Khyber Pakhtunkhwa,76.0,-0.4094231823896973,16.27057499410735,84.0,2.758933127439054,62.59589104234383,45.0,2.7806239031398303,16.649449839214057,False,False,False,False,False,0.4500772187743969,True,0.3085595499456001,0.524070917742431,False,14.008299576665026,0.6653819609439304,dhs,0.2684754165319388,dhs,0.3882890731521148,dhs,0.5958153710051476,education=dhs;wealth=dhs,2,23.85,False
TORGHAR DISTRICT,454,171349,86059,85274,100.92,377.42,0.0,6.49,-0.1,29389.0,23.85686241114408,3.198660991735837,32.37700239716906,7.252387656481869,Khyber Pakhtunkhwa,28.0,-1.2968789285714284,85.71428571428572,35.0,0.1428571428571428,97.14285714285714,26.0,1.0384615384615383,51.42857142857142,True,False,True,False,False,0.1419382131873793,False,0.3372066380298183,0.52399192271812,False,17.151544508576062,0.8873112636200663,dhs,0.0139016167342683,dhs,0.0999543036961901,dhs,0.8373414961011458,education=dhs;wealth=dhs,0,16.06,True
KOHISTAN DISTRICT,7492,784711,424643,360055,117.94,104.74,0.0,7.84,2.7,124502.0,,3.9917657881925632,25.51879532857876,8.948527858529568,Khyber Pakhtunkhwa,,,,,,,,,,,,,False,False,0.1118332247961051,False,0.5987110841568055,0.665106722061753,False,15.865968490310443,0.6029219684883771,imputed_median,0.2552563274793583,imputed_median,0.1118332247961051,census_wash_proxy,0.7945503356076928,education=imputed_median;wealth=census_wash_proxy,1,46.83,False
HANGU DISTRICT,1097,518811,249044,269732,92.33,472.94,19.76,10.29,2.66,82717.0,43.58919729676754,2.6971821846193382,40.174691095014914,44.35875585854282,Khyber Pakhtunkhwa,26.0,-0.7225469230769231,50.0,33.0,0.6363636363636365,90.9090909090909,19.0,2.9473684210526305,9.090909090909092,True,False,True,False,False,0.3867854109552353,False,0.6117068494891258,0.499081313798515,False,15.943570972859096,0.64414083248442,dhs,0.0619253836344681,dhs,0.2865550295441085,dhs,0.7567585520970254,education=dhs;wealth=dhs,0,27.73,True
KARAK DISTRICT,3371,705362,348315,357004,97.57,209.24,7.24,9.38,2.62,111397.0,63.753291866911226,2.4621299961904057,37.58638359161854,27.914191144902848,Khyber Pakhtunkhwa,27.0,0.3258662962962962,0.0,32.0,7.59375,28.125,19.0,4.36842105263158,3.125,True,False,True,False,False,0.2832407597738026,False,0.4860100698278088,0.5890425328015321,False,15.79288365406699,0.463116821183016,dhs,0.7389578145309529,dhs,0.6271849541382504,dhs,0.4194626371921021,education=dhs;wealth=dhs,6,16.23,False
KOHAT DISTRICT,2545,992427,495782,496539,99.85,389.95,27.2,8.0,3.03,141253.0,59.294581986788224,2.7188706826784617,61.65251563065375,40.31825104975723,Khyber Pakhtunkhwa,76.0,-0.1888436659486963,15.199221217128214,91.0,1.5754703498187848,82.20332479321003,59.0,2.2736518292110204,23.782817247866447,False,False,False,False,False,0.4879245439920726,False,0.3989225393210812,0.5203866402625161,False,14.233087169131837,0.7299637479945718,dhs,0.1533110948556912,dhs,0.4599554568488309,dhs,0.6206079518456065,education=dhs;wealth=dhs,6,16.91,False
MARDAN DISTRICT,1632,2373399,1201122,1172215,102.47,1454.29,18.55,7.57,2.59,346965.0,56.80791978968431,3.0626069177718427,89.17412489571464,59.57850861388935,Khyber Pakhtunkhwa,148.0,-0.1906128640736478,23.16251186784533,151.0,3.6343183611397047,56.53961792517039,78.0,3.2396935927818564,8.329484602935175,False,False,False,False,False,0.7493812814564041,False,0.4163151112703975,0.3749156882706888,False,14.618907313940891,0.6069023277205263,dhs,0.3536603066281495,dhs,0.4593806435855503,dhs,0.5009757100037614,education=dhs;wealth=dhs,15,6.31,False
SWABI DISTRICT,1543,1625477,815828,809550,100.78,1053.45,16.98,7.56,2.44,224350.0,59.0609667881408,3.140808328571308,72.57202074500303,60.77330027256208,Khyber Pakhtunkhwa,106.0,-0.0622743830919246,2.741232543262461,119.0,3.6386844624726975,52.58367174699975,67.0,3.1784646278732724,9.1844454229986,False,False,False,False,False,0.660796585055854,False,0.4285732003813288,0.4105740668315333,False,13.802102398249868,0.6147021182344564,dhs,0.3540851776996292,dhs,0.5010778735436637,dhs,0.5078734887880592,education=dhs;wealth=dhs,4,6.08,False
CHARSADDA DISTRICT,996,1610960,817651,793298,103.07,1617.43,16.77,7.3,2.42,238442.0,50.72053900800046,3.326926831123856,78.32008610697136,56.80162278522934,Khyber Pakhtunkhwa,102.0,-0.5125789933515874,21.5052965508617,97.0,1.5793885266174497,81.11923391967233,55.0,3.4356400623546,9.51507204629835,False,False,False,False,False,0.6722690689353359,False,0.4354221663076674,0.3631561699737727,False,14.801236529771067,0.5819412424417959,dhs,0.1536923778007561,dhs,0.3547737039636159,dhs,0.6206350677397334,education=dhs;wealth=dhs,27,0.86,False
NOWSHERA DISTRICT,1748,1520995,783035,737834,106.13,870.13,22.32,7.52,2.95,220079.0,58.21446938633679,3.108496125840934,76.94421839733452,57.52225071268816,Khyber Pakhtunkhwa,138.0,0.6150683120060604,1.5055056665480182,184.0,5.149464758454314,42.80273443114604,90.0,4.873329518323501,4.387361988198872,False,False,False,False,False,0.6682817781347908,False,0.4193369961345952,0.4317114204425837,False,14.469409827119748,0.3987979115462684,dhs,0.5011011982105759,dhs,0.7211468185857287,dhs,0.387514728843811,education=dhs;wealth=dhs,6,9.3,False
PESHAWAR DISTRICT,1257,4267198,2198005,2068568,106.26,3394.75,46.16,8.37,3.99,640771.0,55.03745552511623,2.843058889348767,82.64850851493517,57.00760269324697,Khyber Pakhtunkhwa,454.0,0.0841243481719106,13.084563391368016,551.0,2.4998141164690844,69.43123674475099,334.0,3.3553774129149287,10.082983360725493,False,False,False,False,False,0.6981565941797119,False,0.4548617118165193,0.2811374102110313,False,15.016200326303116,0.5921656820131183,dhs,0.2432602042784684,dhs,0.5486428869082329,dhs,0.5288640003666017,education=dhs;wealth=dhs,56,1.63,False
BUNER DISTRICT,1865,895460,445872,449555,99.18,480.14,0.0,9.36,3.04,139603.0,46.84037521573588,3.017791275871346,50.42370147327669,32.47983654156361,Khyber Pakhtunkhwa,26.0,-0.3386923076923077,23.07692307692308,38.0,1.342105263157895,81.57894736842107,24.0,3.791666666666667,5.2631578947368425,True,False,True,False,False,0.381356883996795,True,0.5779357314200803,0.4974125839129045,False,15.59008777611507,0.5365879862636784,dhs,0.1306020308982581,dhs,0.4112695660240506,dhs,0.6913274022920475,education=dhs;wealth=dhs,3,6.99,False
CHITRAL DISTRICT,14850,447625,225669,221934,101.68,30.14,11.12,7.23,1.8,60424.0,64.66984692491168,2.4082694194355083,59.57492239212917,63.07343593449731,Khyber Pakhtunkhwa,52.0,-1.011266778176174,58.57425217081128,50.0,4.735390908127585,55.04609091872419,28.0,2.2701841580965776,25.77421214368974,False,False,True,False,False,0.5988111864326653,False,0.2737028168164838,0.8004075394991144,False,13.498799218095504,0.730405485141431,dhs,0.460807126442101,dhs,0.192749819294962,dhs,0.5521857451927155,education=dhs;wealth=dhs,11,5.36,False
SHANGLA DISTRICT,1586,759609,386082,373508,103.37,478.95,0.0,8.44,2.98,135718.0,33.13071404840714,3.135828943318252,58.85773765075917,23.507116511664744,Khyber Pakhtunkhwa,27.0,-0.2062103703703703,7.407407407407406,30.0,1.7000000000000008,76.66666666666667,20.0,3.849999999999999,0.0,True,False,True,False,False,0.3812201636357381,False,0.5109083007741426,0.49768665813851,False,17.8668235895046,0.5291570623429727,dhs,0.1654292391377936,dhs,0.4543130068030939,dhs,0.6561980766498179,education=dhs;wealth=dhs,1,18.65,False
SWAT DISTRICT,5337,2308624,1171947,1136544,103.11,432.57,30.14,8.37,3.24,350845.0,50.27133149581123,2.886329409451923,53.828042542826985,35.38014717279149,Khyber Pakhtunkhwa,151.0,-0.0739294075367698,13.836680450597392,172.0,3.338344235487072,57.40997981234671,101.0,4.469049624512007,1.688771640786746,False,False,False,False,False,0.4164925685878086,False,0.4621673639480603,0.5089345550405807,False,15.197147738219822,0.4502980224077122,dhs,0.3248586746215679,dhs,0.4972911508808534,dhs,0.5731387094928425,education=dhs;wealth=dhs,16,34.56,False
LOWER DIR DISTRICT,1583,1436082,709829,726203,97.75,907.19,2.81,9.17,3.27,239244.0,57.28904454988397,2.689418612140151,52.493692615808776,34.2055296902229,Khyber Pakhtunkhwa,71.0,-0.2703917058061502,29.93876448591022,76.0,3.397737819875096,59.02320147187892,47.0,3.648534889381125,13.10923157869831,False,False,False,False,False,0.4025168562803862,False,0.5045359600543516,0.4271003767423167,False,16.65949437427668,0.5548211522232944,dhs,0.3306383425480251,dhs,0.4334604621710156,dhs,0.599415464208962,education=dhs;wealth=dhs,0,25.96,True
UPPER DIR DISTRICT,3699,947401,466594,480766,97.05,256.12,4.65,7.86,3.26,179229.0,46.094080062479904,3.11792766790038,54.18174490558434,34.00223339854409,Khyber Pakhtunkhwa,51.0,-1.010867014210082,55.43077765221619,59.0,0.6112866427856865,85.89338516648417,42.0,1.9808298023567503,32.671483153291135,False,False,False,False,False,0.4110824468968252,False,0.4530654924995153,0.5667641271558561,False,18.91796609883249,0.7672655457750451,dhs,0.0594851083594896,dhs,0.1928797027866131,dhs,0.7570596357337569,education=dhs;wealth=dhs,2,17.86,False
MALAKAND PROTECTED AREA DISTRICT,952,717806,360440,357333,100.87,754.0,9.43,7.85,2.46,109216.0,61.83063311224141,2.683820853139224,57.6879201692306,42.08503616085767,Khyber Pakhtunkhwa,50.0,-0.2583492538426226,14.93948674198634,67.0,3.6473854950987006,54.89942951695554,38.0,4.050553897620733,3.204870122057672,False,False,False,False,False,0.4747639243426798,False,0.3788271477531612,0.44754627891574,False,15.215253146393316,0.5036090493963323,dhs,0.3549318866449427,dhs,0.4373730602081877,dhs,0.5564332089062519,education=dhs;wealth=dhs,5,9.66,False
KHYBER AGENCY DISTRICT,2576,984246,504502,479669,105.18,382.08,9.9,8.49,3.14,181263.0,41.970512550569545,3.20747037351992,35.770487400975696,16.673678557042475,Fata,182.0,-0.6944339667070052,29.628807234590475,206.0,0.4709353368508045,90.52202841802686,119.0,2.459522367826396,17.29672940762741,False,False,False,False,False,0.2121966522753522,False,0.5277299018666004,0.5226373369725827,False,18.41643247724654,0.7062862080251182,dhs,0.0458273379166641,dhs,0.29568894166144,dhs,0.781973904055655,education=dhs;wealth=dhs,2,29.05,False
KURRAM AGENCY DISTRICT,3380,615372,306935,308393,99.53,182.06,6.18,8.81,1.68,106814.0,40.4280841823043,2.4975582350927086,40.57482744741432,37.15508117052519,Fata,164.0,-1.0316987819890229,67.14730548821406,171.0,1.443648875019394,82.53588902666507,94.0,3.73475508142702,2.1321338933976857,False,False,False,False,False,0.3502073416913583,False,0.4381164207298385,0.60436410695793,False,17.357630831432044,0.5438377975800655,dhs,0.1404833735156412,dhs,0.186111452103981,dhs,0.7406733784095354,education=dhs;wealth=dhs,3,1.13,False
MOHMAND AGENCY DISTRICT,2296,474345,241549,232755,103.78,206.6,0.0,9.37,1.85,78675.0,30.387577366877284,3.034324649523398,27.016847561963388,16.163129758626276,Fata,82.0,-0.9644154895536636,62.28333253545326,87.0,0.4728153971549708,91.47911910940232,60.0,0.7752662261608789,55.376460921299454,False,False,False,False,False,0.1593355905278362,False,0.581672351369945,0.5904411045913912,False,16.586029155994055,0.9208389951970822,dhs,0.046010289061165,dhs,0.2079718239546943,dhs,0.8268885862421084,education=dhs;wealth=dhs,0,27.95,True
NORTH WAZIRISTAN AGENCY DISTRICT,4707,540546,277749,262764,105.7,114.84,0.81,8.46,2.14,99291.0,36.60836270031605,2.813577480697895,29.358016304347824,15.95618206521739,Fata,137.0,-0.410497240030218,22.200472468724563,182.0,1.10044223685638,90.1217944859872,118.0,1.974073795850937,16.518091858605622,False,False,False,False,False,0.1716199544006549,False,0.4583907841144043,0.6550100805920178,False,18.36864947664029,0.7681261749810879,dhs,0.1070854835048485,dhs,0.3879401113436028,dhs,0.7305726741072518,education=dhs;wealth=dhs,0,59.48,True
ORAKZAI AGENCY DISTRICT,1538,254303,127564,126728,100.66,165.35,0.0,8.0,0.63,46793.0,37.42829739178862,2.3352194281396894,21.701895628187447,19.453443243416626,Fata,28.0,-1.077227142857143,67.85714285714286,25.0,0.0,100.0,14.0,2.142857142857143,4.0,True,True,True,False,False,0.1466658736764827,False,0.3341481248049692,0.6149580493885587,False,18.400490753156667,0.7466253256550559,dhs,0.0,dhs,0.1713192672642343,dhs,0.8193932638061785,education=dhs;wealth=dhs,0,36.48,True
SOUTH WAZIRISTAN A DISTRICT,6620,675215,355611,319554,111.28,102.0,0.0,7.98,2.4,177050.5,,3.017791275871346,65.74578589746993,27.720685297981937,Fata,52.0,-1.195936294742776,72.07249421878304,63.0,0.441279697160206,94.34256798512556,46.0,1.8032873997270649,27.311744147861805,False,False,False,True,True,0.4433826569224433,True,0.4475009488113847,0.6680124496691167,True,26.22135171760106,0.7898821872603109,dhs,0.0429415085577463,dhs,0.1327506106427431,dhs,0.7735938997491848,education=dhs;wealth=dhs,0,35.5,True
BAJAUR AGENCY DISTRICT,1290,1090987,556036,534895,103.95,845.73,0.0,8.86,3.23,200587.0,29.92772306397924,3.009405738885642,31.105385761439496,24.62156444722481,Fata,83.0,-1.077871556425369,65.43679224648665,98.0,0.379648719535174,93.04005690291724,68.0,3.302185854673652,7.3515748510013745,False,False,False,False,False,0.2283773223915969,False,0.5292609657615531,0.4348556651464905,False,18.385828612073286,0.5989416092562277,dhs,0.0369441169484361,dhs,0.171109897007263,dhs,0.819450270351782,education=dhs;wealth=dhs,1,3.22,False
FR BANNU DISTRICT,745,43112,22286,20826,107.01,57.87,0.0,9.74,4.23,7651.0,18.690726595077308,2.529971692669912,9.734081483288607,11.905342766528422,Fata,53.0,-0.9717380314635344,43.7524583974905,104.0,0.0844775274080666,97.88806181479832,74.0,1.7285519129587346,19.48258424693556,False,False,False,False,False,0.0374345681030172,False,0.5314907034982629,0.7299245434751767,False,17.74679903507144,0.7994025366834945,dhs,0.0082206194607991,dhs,0.2055927268081628,dhs,0.8576816570504074,education=dhs;wealth=dhs,0,11.76,True
FR D.I.KHAN DISTRICT,2008,68506,35356,33146,106.67,34.12,0.0,9.56,3.01,13839.0,20.93922118079041,3.017791275871346,11.438627364716234,8.06569878281273,Fata,,,,,,,,,,,,,False,False,0.0264741273584881,True,0.5968393231025,0.7870956459087254,False,20.201150264210437,0.6029219684883771,imputed_median,0.0352668974249786,census,0.0264741273584881,census_wash_proxy,0.9139454206873884,education=census;wealth=census_wash_proxy,0,59.74,True
FR KOHAT DISTRICT,446,118839,59983,58851,101.92,266.46,0.0,8.09,1.56,17454.0,52.65517323604454,3.0537330420812183,44.36669493921402,45.66016398077467,Fata,,,,,,,,,,,,,False,False,0.4178026106219334,False,0.4639662136932905,0.5624004748899687,False,14.687097669956833,0.6029219684883771,imputed_median,0.5327211652605631,census,0.4178026106219334,census_wash_proxy,0.5242412189018297,education=census;wealth=census_wash_proxy,3,5.16,False
FR LAKKI MARWAT DISTRICT,132,26394,13685,12709,107.68,199.95,0.0,7.84,7.23,4803.0,20.37135907931423,2.104987461086129,12.621065375302663,6.5375302663438255,Fata,,,,,,,,,,,,,False,False,0.0249970133760829,False,0.2801536442575509,0.5940443999327513,False,18.197317572175493,0.6029219684883771,imputed_median,0.026360167290273,census,0.0249970133760829,census_wash_proxy,0.8702984813989956,education=census;wealth=census_wash_proxy,0,41.32,True
FR PESHAWAR DISTRICT,261,64761,31676,33081,95.75,248.13,0.0,8.98,0.97,9357.0,53.46038553267838,2.6239612643662684,46.62143059089624,21.487135990952783,Fata,,,,,,,,,,,,,False,False,0.3002797630141598,False,0.4755259448981454,0.5702579660720323,False,14.448510677722703,0.6029219684883771,imputed_median,0.5453506550761728,census,0.3002797630141598,census_wash_proxy,0.5803162809509814,education=census;wealth=census_wash_proxy,0,15.67,True
FR TANK DISTRICT,1221,36418,18783,17632,106.53,29.83,0.0,8.43,1.54,6363.0,36.83588639912225,3.196285016274083,26.336248785228378,13.824101068999028,Fata,26.0,-1.4770192307692307,92.3076923076923,36.0,0.3888888888888888,94.44444444444446,24.0,1.1666666666666667,30.555555555555543,True,False,True,False,False,0.1428192365685463,False,0.5201703254760213,0.8015148486557088,False,17.472129166895492,0.8709795626954382,dhs,0.0378432899988416,dhs,0.0414266388211828,dhs,0.8737885583617445,education=dhs;wealth=dhs,1,19.48,False
ATTOCK DISTRICT,6857,1886378,938650,947597,99.06,275.1,26.02,6.09,2.08,222025.0,66.91014471112733,2.268521133596411,72.15517326822628,38.27759258096808,Punjab,80.0,-0.5340622072620017,29.88357284969923,71.0,2.241360637173577,56.584134086974224,39.0,3.469039769602841,8.062742496401022,False,False,False,False,False,0.5370316719767796,False,0.1423577038136418,0.55888172901297,False,11.769910378513744,0.5776865450097584,dhs,0.2181097557888382,dhs,0.3477937981410633,dhs,0.583270767208278,education=dhs;wealth=dhs,9,21.35,False
CHAKWAL DISTRICT,6525,1495463,723178,772166,93.66,229.1897,18.96456,5.55,1.71,165863.0,74.64329231666925,2.035555626243936,77.63805440656985,43.328250958606326,Punjab,109.0,-0.0363815761043447,15.492019905983046,98.0,5.982924548148112,31.86332766995965,34.0,5.63242871166418,0.0,False,False,False,False,False,0.5956675488796073,False,0.051984877126654,0.5790092714569722,False,11.091080153771776,0.3020983397636905,dhs,0.5822062681288056,dhs,0.5094904581321935,dhs,0.3820448905083366,education=dhs;wealth=dhs,9,11.69,False
JHELUM DISTRICT,3587,1222403,601406,620862,96.87,340.79,28.98,5.88,1.41,133895.0,78.93682276141554,2.150252149186739,77.70679682206095,40.46962004183566,Punjab,50.0,0.8153204441558973,0.0,44.0,9.806908567762804,5.415925854657869,17.0,6.583642010286317,0.0,False,False,True,False,False,0.580636876399977,False,0.1025407866596035,0.5352596865073446,False,10.953425343360577,0.1809258771164102,dhs,0.9543231897993584,dhs,0.7862088260209218,dhs,0.1793779784828931,education=dhs;wealth=dhs,13,18.99,False
RAWALPINDI DISTRICT,5285,5402380,2736180,2665089,102.67,1022.21,55.64,6.01,2.52,618602.0,82.44724474346857,2.1209949774623413,71.35064752252252,64.55483961784365,Punjab,201.0,0.6888148447163723,0.3839223110048301,175.0,7.511758135982843,15.560120782339744,90.0,6.061300466014814,1.05127597330618,False,False,False,False,False,0.6742092209838764,False,0.1098884367182631,0.4139026111966009,False,11.450545870523731,0.2474655389925045,dhs,0.7309790782486896,dhs,0.7451071000968783,dhs,0.2522666138948593,education=dhs;wealth=dhs,91,7.61,False
BHAKKAR DISTRICT,8153,1647852,843056,804669,104.77,202.12,15.76,6.12,2.39,223910.0,51.817985770278696,2.9614714481130573,97.08473460348574,29.965920611109656,Punjab,81.0,-0.3182549578597977,23.904225767403386,82.0,3.4694514092385016,52.25128006929663,51.0,3.372213698241038,0.8249595524170641,False,False,False,False,False,0.6348830364091348,False,0.2621886918980629,0.5928556448899893,False,13.587992125506418,0.5900209536354222,dhs,0.3376168863858064,dhs,0.4179096701392141,dhs,0.5188128852260859,education=dhs;wealth=dhs,3,26.55,False
KHUSHAB DISTRICT,6511,1280372,637474,642791,99.17,196.65,27.57,6.06,1.84,151203.0,59.74620484336722,2.459335492413892,77.03780088415304,32.16130541472124,Punjab,56.0,-0.0097435577965882,7.946809732777131,60.0,4.950155726467029,39.4119618848125,25.0,6.026268721067592,0.0,False,False,True,False,False,0.5319787893313905,False,0.1717386330838552,0.595877016629541,False,11.809302296520071,0.2519281372470024,dhs,0.481706173790019,dhs,0.518145162212454,dhs,0.4453243276060573,education=dhs;wealth=dhs,13,13.35,False
SARGODHA DISTRICT,5856,3696212,1867724,1828074,102.17,631.18,29.44,6.17,1.73,457522.0,65.5385784773808,2.883119058182398,86.79304240901014,38.377890832438126,Punjab,110.0,0.2587783968007206,4.111852596468902,119.0,6.076830547941192,22.798553091600954,60.0,5.467039716154933,1.3699425271919852,False,False,False,False,False,0.6213608233846722,False,0.253685830304254,0.4671961661082636,False,12.378131990264627,0.3231667919285675,dhs,0.5913443846560074,dhs,0.605388065541196,dhs,0.3751937555767422,education=dhs;wealth=dhs,9,4.75,False
MIANWALI DISTRICT,5840,1542601,771969,770502,100.19,264.14,21.25,6.41,2.01,196785.0,61.28097503667996,2.656631476162726,82.70281401291017,40.79688340505648,Punjab,55.0,-0.41750930460931,21.89622178502483,54.0,3.417751088526962,48.02802827458076,28.0,3.216633976662187,3.703703703703703,False,False,True,False,False,0.6110001538173592,False,0.2381307227611552,0.5633646915709769,False,12.756701181964749,0.6098398292009711,dhs,0.3325858600808124,dhs,0.3856618884209147,dhs,0.5314159600961427,education=dhs;wealth=dhs,12,9.09,False
GUJRANWALA DISTRICT,3622,5011066,2528990,2481457,101.92,1383.51,58.85,6.63,2.06,619496.0,75.15902625974812,2.6794890565182894,93.1152609099948,63.5257367592656,Punjab,136.0,0.6644341584414165,0.6444191651180299,144.0,6.939921999536503,17.135878302980352,74.0,5.772875189256415,1.558709861237795,False,False,False,False,False,0.7932384055393749,False,0.2627838722128134,0.3804338932578973,False,12.36255918401394,0.2842072467936504,dhs,0.6753329506229169,dhs,0.7371858042052102,dhs,0.2732476257444631,education=dhs;wealth=dhs,37,5.51,False
GUJRAT DISTRICT,3192,2756289,1334775,1421295,93.91,863.5,30.02,6.2,1.57,323895.0,78.67715078630897,2.317938995950883,84.96150606931654,45.6363628041524,Punjab,138.0,0.5438634343272923,0.644280628144216,143.0,7.464899182326512,18.30198226020413,89.0,5.813821047786285,2.2146336289453816,False,False,False,False,False,0.6500411461512026,False,0.1610982283940432,0.4325569787553089,False,11.751126242567452,0.278991265771877,dhs,0.7264191717485954,dhs,0.6980123219328211,dhs,0.2805060983370112,education=dhs;wealth=dhs,54,4.55,False
HAFIZABAD DISTRICT,2367,1156954,584668,572188,102.18,488.78,34.81,6.57,1.74,148005.0,61.8033932100694,2.8391004095012566,93.04268804974652,38.80103105156972,Punjab,82.0,0.196373216984545,4.847790964306982,84.0,4.70093122193225,35.859995935877386,38.0,3.956017500565091,0.0,False,False,False,False,False,0.6594172573080294,False,0.284061049971909,0.4954427626086073,False,12.792643441312274,0.5156517826693285,dhs,0.457453808990206,dhs,0.5851125946655272,dhs,0.4250830944879502,education=dhs;wealth=dhs,4,4.83,False
MANDI BAHAUDDIN DISTRICT,2673,1594039,775788,818056,94.83,596.35,20.47,6.27,1.68,196009.0,68.62590855646411,2.6277195940828304,86.65791029614256,51.38825508815231,Punjab,,,,,,,,,,,,,False,False,0.6907866277635231,False,0.2200168216151442,0.4734683043996616,False,12.296374179050826,0.6029219684883771,imputed_median,0.7832168915680787,census,0.6907866277635231,census_wash_proxy,0.2634832973116825,education=census;wealth=census_wash_proxy,19,10.78,False
NAROWAL DISTRICT,2337,1707575,839934,867472,96.83,730.67,15.03,7.07,1.59,231024.0,73.50828731499342,2.625713079030514,88.3210797075792,34.36902505571408,Punjab,56.0,-0.046227989059389,7.048018496942138,56.0,5.06275971834636,33.88271489919562,29.0,5.585380637682978,1.8383643749976224,False,False,True,False,False,0.6084769769503511,False,0.2952924149505125,0.4510202074991429,False,13.529361814268771,0.3080916653357484,dhs,0.4926638165550049,dhs,0.5062913541525578,dhs,0.4482787248124875,education=dhs;wealth=dhs,2,16.91,False
SIALKOT DISTRICT,3016,3894938,1921289,1973150,97.37,1291.43,29.39,6.7,1.9,481850.0,77.89812601310803,2.470139206918961,91.59547637901024,45.46643736940696,Punjab,107.0,0.3588013198505271,0.7392555396771596,103.0,6.3743846409573575,24.89590038646368,59.0,4.792695783053101,2.2538413838671563,False,False,False,False,False,0.6870975040815646,False,0.2340541900497866,0.3880508785331782,False,12.371185369317818,0.4090696227274685,dhs,0.6202997653677724,dhs,0.6378855580437324,dhs,0.3392180423993149,education=dhs;wealth=dhs,15,6.05,False
LAHORE DISTRICT,1772,11119985,5813987,5303982,109.62,6275.39,100.0,6.23,3.0,1304204.0,77.08048130522751,2.863009386909418,88.86577198517844,91.6785451252468,Punjab,344.0,1.0179313658376288,0.241309492469201,290.0,8.27415648455934,19.67449819116136,137.0,6.143014733666394,1.9501162814108213,False,False,False,False,False,0.9208166568688034,False,0.255961657129076,0.2131521740758799,False,11.72846905818668,0.2370561817441318,dhs,0.8051690657339367,dhs,0.8520372052316091,dhs,0.1668105826192401,education=dhs;wealth=dhs,248,1.22,False
KASUR DISTRICT,3995,3454881,1788617,1666044,107.36,864.8,25.78,6.58,2.03,465054.0,60.76763816147453,3.526499341667934,90.76329538770284,46.9935680810737,Punjab,109.0,0.1482620319243786,3.3284123353498742,112.0,4.372424266009455,45.764150356231454,52.0,4.985288696350215,1.5765628237093277,False,False,False,False,False,0.6905739091096423,False,0.4010644017719046,0.4323906730696617,False,13.460782006674036,0.3845357378181323,dhs,0.4254863644197468,dhs,0.5694812490888502,dhs,0.4522802761702907,education=dhs;wealth=dhs,7,17.97,False
NANKANA SAHIB DISTRICT,2216,1354986,690274,664558,103.87,611.46,18.09,6.25,1.37,173077.0,63.71325878594249,3.0756467092795403,69.38659177487973,28.61922902242119,Punjab,27.0,-0.2961603703703704,11.11111111111111,21.0,3.1904761904761907,61.9047619047619,14.0,5.571428571428574,4.761904761904763,True,True,True,False,False,0.469071055437139,False,0.2937530016267077,0.4707035602450702,False,12.773342307595795,0.3098689809278592,dhs,0.3104694403986602,dhs,0.425088211511443,dhs,0.5640579715636144,education=dhs;wealth=dhs,12,6.12,False
SHEIKHUPURA DISTRICT,3744,3460004,1786383,1673242,106.76,924.15,34.73,6.62,2.22,435178.0,67.02016355257372,3.0663183948111152,94.97263630992164,57.84151338157092,Punjab,82.0,0.6232611032266201,0.0,83.0,6.750303105594376,23.48783036003024,35.0,6.253552226511661,0.0,False,False,False,False,False,0.7732000737003581,False,0.327149684340934,0.4250526109022949,False,12.577384303601962,0.2229751126060962,dhs,0.6568808862988015,dhs,0.7238086601231172,dhs,0.2973815296695528,education=dhs;wealth=dhs,27,11.41,False
FAISALABAD DISTRICT,5857,7882444,4038932,3842684,105.11,1345.82,47.79,6.42,1.98,970053.0,69.83484104215017,2.962405894690841,67.8244792777246,49.52270912778502,Punjab,218.0,0.6298669290312621,3.747027019157323,204.0,7.163695596199875,24.13834656901303,104.0,4.413165487939431,1.237679626486702,False,False,False,False,False,0.5729171965156836,False,0.2907018483049071,0.383488565378986,False,12.306500369682295,0.4574169498462003,dhs,0.6971086540553575,dhs,0.7259548958860185,dhs,0.3172473402574186,education=dhs;wealth=dhs,122,14.72,False
CHINIOT DISTRICT,2643,1368659,699606,668914,104.59,517.84,30.85,6.21,1.85,188252.0,50.05037581879692,3.126205285444087,91.35391444713478,21.486352630420427,Punjab,83.0,0.0010871677184032,13.63913096366728,83.0,3.311817950412407,58.87318748727106,39.0,3.330036013481868,4.3266758248251,False,False,False,False,False,0.5563267634784151,False,0.2985084268088052,0.4890634583031034,False,13.754485229702944,0.5953938536342261,dhs,0.3222773668821244,dhs,0.5216640697837235,dhs,0.5142146119817771,education=dhs;wealth=dhs,2,15.75,False
JHANG DISTRICT,6166,2742633,1394928,1347444,103.52,444.8,21.82,6.35,2.03,389915.0,55.63683648563073,2.95052959914262,93.71856294439434,17.3737539387834,Punjab,83.0,0.6417894627330791,0.0,86.0,7.145845381396683,24.643880285402503,51.0,4.199513758361173,1.5933507489486318,False,False,False,False,False,0.5476720201135665,False,0.2820804365823782,0.5058558513964115,False,14.21681282183945,0.484633459812313,dhs,0.6953716261416291,dhs,0.7298285324262453,dhs,0.3204490325871996,education=dhs;wealth=dhs,6,17.29,False
TOBA TEK SINGH DISTRICT,3252,2191495,1100365,1090879,100.87,673.89,20.17,6.42,1.59,278080.0,67.32032503607635,2.668427086312331,87.93013208902924,36.45089463926122,Punjab,83.0,0.3726730739408473,1.9385367430846043,92.0,7.782512484758371,18.425311856403447,51.0,3.810927658043121,5.457121335261124,False,False,False,False,False,0.6174722004356192,False,0.2410674343219395,0.4599606346377114,False,12.689054732043653,0.534134381208436,dhs,0.7573265405493862,dhs,0.6423924971613058,dhs,0.3048836367204902,education=dhs;wealth=dhs,7,12.09,False
SAHIWAL DISTRICT,3201,2513011,1276646,1236119,103.28,785.07,20.52,6.35,1.64,315224.0,61.142661520892005,2.909184440138131,86.4848993931162,46.06240409729545,Punjab,106.0,-0.3563658275820176,29.81654495396921,107.0,3.3229473258168025,56.641212468851,49.0,3.019582347890109,5.999978359806954,False,False,False,False,False,0.6610599019364773,False,0.27509985607884,0.4430829097159516,False,12.543677683862107,0.6349416976899391,dhs,0.3233603810616702,dhs,0.4055274314953158,dhs,0.5242186352043511,education=dhs;wealth=dhs,8,22.54,False
OKARA DISTRICT,4377,3040826,1564470,1476071,105.99,694.73,27.71,6.16,1.64,408557.0,58.275454086838096,3.2972254923676854,90.30653682707928,31.673421169212595,Punjab,57.0,0.1658878808200203,6.622189842660564,58.0,2.848999451498259,50.61265334730025,33.0,3.595360203416685,1.596868703889342,False,False,False,False,False,0.6052973221087301,False,0.3226570174838863,0.4565947502727323,False,13.43572437225938,0.5615949301531659,dhs,0.2772398891560871,dhs,0.5752078952902588,dhs,0.5077427584091287,education=dhs;wealth=dhs,7,20.55,False
PAKPATTAN DISTRICT,2724,1824228,928110,895899,103.6,669.69,15.84,5.96,1.85,256381.0,52.69661762289915,3.302344739815449,85.54606493425399,32.2147253982391,Punjab,52.0,-0.3757420864095244,24.15436190209404,52.0,1.489225618131868,71.99948489010988,25.0,2.9946184668480007,9.333505036630036,False,False,True,False,False,0.5809688015576205,False,0.3046177426837108,0.4606515522258155,False,14.054219099805508,0.6381217782749012,dhs,0.1449185064188619,dhs,0.3992320763229764,dhs,0.6090078009475379,education=dhs;wealth=dhs,2,17.26,False
BAHAWALNAGAR DISTRICT,8878,2975656,1510427,1464900,103.11,335.17,20.83,6.16,1.95,407080.0,53.080773934421714,3.133978445665555,83.20709045078404,27.90270020077935,Punjab,79.0,0.0059098123460475,21.37379273352223,78.0,5.026012906118694,41.81956862911104,43.0,4.462496282445241,1.9055311135282564,False,False,False,False,False,0.5443142238203533,False,0.2950949236642602,0.5370946493041662,False,13.680344771035362,0.4511328347447034,dhs,0.4890879358564389,dhs,0.5232309491834709,dhs,0.4572513314807734,education=dhs;wealth=dhs,0,62.22,True
BAHAWALPUR DISTRICT,24830,3669176,1879702,1789148,105.06,147.77,31.95,6.24,2.18,516921.0,50.26759013905788,3.26553165990904,86.12656051496344,38.80614864127091,Punjab,159.0,-0.3341187657640532,23.298965486637822,156.0,2.959382216170879,61.2115544885843,74.0,3.6532305436779673,3.1962292091350624,False,False,False,False,False,0.6198565710765167,False,0.324867371847092,0.6273197761160938,False,14.088204000026163,0.5542229856546468,dhs,0.2879813813759211,dhs,0.4127555118451848,dhs,0.5501386545266326,education=dhs;wealth=dhs,25,55.39,False
RAHIM YAR KHAN DISTRICT,11880,4807762,2461780,2345413,104.96,404.69,21.44,6.77,2.26,695406.0,46.61812910202031,3.460895035513278,85.35168663049517,37.42921493381016,Punjab,130.0,-0.4486595539499203,24.0581051422295,146.0,2.3160570753220853,65.94944088011793,79.0,3.078911329860963,5.017806308424188,False,False,False,False,False,0.6079917042275464,False,0.4079463988431955,0.5162905453333047,False,14.464235126447608,0.6273839408101962,dhs,0.225378564570727,dhs,0.3755411584568989,dhs,0.5980487738441459,education=dhs;wealth=dhs,6,12.44,False
DERA GHAZI KHAN DISTRICT,11922,2872631,1451327,1421127,102.13,240.95,19.01,8.15,2.98,479059.0,46.67374906033259,3.3257262259703286,74.60156484926387,21.16614878450009,Punjab,55.0,-1.08946924732156,75.61582460844356,54.0,1.2470148042162987,82.65217026309023,36.0,1.8479886306671087,25.83632683154797,False,False,False,False,False,0.4587076757091722,False,0.5155597247372239,0.5734945600147296,False,16.676663309697627,0.7841878196098419,dhs,0.1213486530912158,dhs,0.1673418020400921,dhs,0.7429178543747961,education=dhs;wealth=dhs,9,37.89,False
RAJANPUR DISTRICT,12318,1996039,1028164,967668,106.25,162.04,16.9,7.44,3.16,332441.0,33.745354288816,4.203592696371524,79.99716955512291,15.450404103380087,Punjab,38.0,-1.50300590160332,97.30726502660733,32.0,0.416460882190385,93.5929095047633,20.0,1.7903191612317344,9.35929095047633,False,False,True,False,False,0.4587522875727636,False,0.5966680584578805,0.6171824718582903,False,16.655035297406513,0.7915341757227858,dhs,0.0405263569831821,dhs,0.0329835578268774,dhs,0.8236704589619523,education=dhs;wealth=dhs,3,29.86,False
LAYYAH DISTRICT,6289,1823995,924837,899016,102.87,290.03,17.61,6.42,2.59,267107.0,58.18541462241724,3.305105650705307,96.45473648341662,24.27128293957292,Punjab,82.0,-0.7117831381711124,39.44769599268757,84.0,3.492439673625106,49.017381012187045,52.0,2.623753540140983,10.376862190300097,False,False,False,False,False,0.6005506482722529,False,0.348562146656696,0.5530531509895353,False,14.644064265527044,0.6853652477929236,dhs,0.3398539046720267,dhs,0.2900521880814702,dhs,0.5762096692844034,education=dhs;wealth=dhs,7,3.59,False
MUZAFFARGARH DISTRICT,8249,4328549,2223085,2105145,105.6,524.74,16.13,6.48,2.64,673900.0,47.110587192954135,3.721934835454555,96.8404054140195,18.920686860469704,Punjab,108.0,-0.4080387891027505,26.12791338630801,109.0,3.341205488737623,55.887579712509485,52.0,2.8017730135696417,5.2872976114623285,False,False,False,False,False,0.573888321192394,False,0.4246092911648265,0.487601285263543,False,15.568727534330788,0.6626878335623099,dhs,0.3251371069440498,dhs,0.3887388631511605,dhs,0.5684940830604795,education=dhs;wealth=dhs,11,9.21,False
MULTAN DISTRICT,3720,4746166,2435195,2310408,105.4,1275.85,43.38,6.17,2.23,626135.0,60.21406153878236,3.2386604310601323,92.9784194657052,48.21396567356148,Punjab,159.0,0.2186908879877785,12.552767762122286,166.0,4.955929487707306,43.67952750013585,75.0,4.371156907215103,2.5719735168185167,False,False,False,False,False,0.7098382349028315,False,0.3137142649619138,0.3893931687079611,False,13.192437854048933,0.4627683081441313,dhs,0.4822680261011616,dhs,0.5923636159713184,dhs,0.4085865988369187,education=dhs;wealth=dhs,50,13.41,False
KHANEWAL DISTRICT,4349,2920233,1482668,1437272,103.16,671.47,20.08,6.22,1.83,388512.0,58.59357410649344,3.026181831022273,95.58103755710384,27.10986466739765,Punjab,79.0,-0.1935385656686848,12.795117747317022,85.0,2.2558817652610865,62.086360013327415,43.0,3.9026170390340895,3.922733976121733,False,False,False,False,False,0.6108655265756763,False,0.2825659757090618,0.460358207977294,False,13.304143881669717,0.5224543215316276,dhs,0.2195228258893906,dhs,0.458430081826802,dhs,0.5558497774318966,education=dhs;wealth=dhs,11,11.7,False
LODHRAN DISTRICT,2778,1699693,861394,838156,102.77,611.84,15.63,6.43,1.97,239525.0,49.88473053516951,3.145042933398656,83.25775142882165,32.49298440004721,Punjab,27.0,-0.5059018518518519,33.333333333333336,39.0,3.0,53.84615384615385,23.0,4.260869565217393,0.0,True,False,True,False,False,0.5693717545143621,False,0.3224828641108528,0.4706349125044707,False,14.092250777052092,0.4768175112493057,dhs,0.2919339514196357,dhs,0.3569431102277977,dhs,0.5752382626485436,education=dhs;wealth=dhs,3,15.74,False
VEHARI DISTRICT,4364,2902081,1463796,1437989,101.79,665.0,17.44,6.28,1.74,403151.0,55.3624237804878,2.990742652008737,88.40514358783332,38.26017248402704,Punjab,76.0,-0.3591285183518211,19.40428959074481,73.0,2.80494229904058,61.36740063404215,39.0,3.311490986377286,3.0923306196487186,False,False,False,False,False,0.6299534138249777,False,0.2822536189245054,0.4614282087533838,False,13.891790063750806,0.5977562539574531,dhs,0.272952629620998,dhs,0.4046298320267039,dhs,0.5494249900983198,education=dhs;wealth=dhs,2,6.54,False
JACOBABAD DISTRICT,2698,1007009,514786,492061,104.62,373.24,29.51,5.63,1.72,173404.0,34.065293461839985,4.519781823410179,61.74383275893343,18.17068746598948,Sindh,52.0,-1.1514666787509742,78.3435991022396,51.0,0.0943603531926532,98.11279293614692,34.0,1.6477572505309606,19.46456112434544,False,False,False,False,False,0.3689468554431067,False,0.478974884782618,0.5252212484762876,False,17.21970707312447,0.8096947479354927,dhs,0.0091823302549612,dhs,0.1471988087979264,dhs,0.800683403400157,education=dhs;wealth=dhs,3,9.66,False
KASHMORE DISTRICT,2580,1090336,564663,525558,107.44,422.61,23.26,5.84,2.53,177050.5,30.5809333559387,4.527439409217639,92.0686978671302,27.720685297981937,Sindh,79.0,-0.5657969896166316,57.05335877280555,85.0,2.6493141342776085,69.56309851368265,57.0,2.254321420581904,22.566329528886573,False,False,False,False,True,0.594056470050315,False,0.5001165376217248,0.5115066791850327,True,16.23815961318346,0.7324261959239281,dhs,0.2578082479238512,dhs,0.3374831531389604,dhs,0.6147283539181596,education=dhs;wealth=dhs,0,36.32,True
KAMBAR SHAHDAD KOT DISTRICT,5475,1338035,680567,657290,103.54,244.39,29.66,6.05,1.96,219914.0,38.08269641455386,4.514807298086409,63.14281128917624,22.35275236719628,Sindh,78.0,-1.0505752360252048,66.01227716749463,80.0,1.625073358510505,80.63192888809229,56.0,2.349073391227131,22.73665741877189,False,False,False,False,False,0.3995196243928491,False,0.5178325448403243,0.5719320649019279,False,16.435593986704383,0.7203560013204716,dhs,0.1581380289655833,dhs,0.1799784837322226,dhs,0.7384291015898579,education=dhs;wealth=dhs,28,8.08,False
LARKANA DISTRICT,1948,1521786,775934,745530,104.08,781.2,45.93,5.78,2.22,221400.0,53.80121337805702,3.85566426488872,95.2122307843538,36.260991245552425,Sindh,112.0,-0.4868329393822858,34.29181769406411,122.0,2.051032548349958,73.4716095925556,61.0,3.375195052365129,6.237131695233108,False,False,False,False,False,0.6581306873408701,False,0.3810251567930988,0.4436291403874838,False,14.54869475734433,0.5896411670809627,dhs,0.1995886787766961,dhs,0.3631386084307714,dhs,0.5967300159497156,education=dhs;wealth=dhs,4,3.79,False
SHIKARPUR DISTRICT,2512,1233760,635558,598130,106.26,491.15,24.68,5.94,1.79,206025.0,40.47771393073459,4.517078222563581,91.33253609796112,25.99399108545902,Sindh,26.0,0.4079969230769231,7.6923076923076925,35.0,5.1428571428571415,42.85714285714285,18.0,4.055555555555555,8.57142857142857,True,False,True,False,False,0.5805260099494008,False,0.5078189848259398,0.494908501290385,False,16.69895279470886,0.5029719018604857,dhs,0.5004582024336611,dhs,0.6538692315683649,dhs,0.4387465054117199,education=dhs;wealth=dhs,1,3.15,False
GHOTKI DISTRICT,6083,1648708,850272,798271,106.51,271.04,21.89,5.56,2.83,270196.0,40.87889135908459,4.439693832229629,89.28044286850431,19.1678156288962,Sindh,80.0,-0.8019724451622934,52.5419477654337,82.0,0.9165435420828972,85.49277834107689,56.0,2.411067886339343,21.611851436866345,False,False,False,False,False,0.5319480939565654,False,0.458836834979374,0.5605212899070459,False,16.388347724399953,0.7124586920059331,dhs,0.0891900592961364,dhs,0.2607496418411908,dhs,0.7029944931495881,education=dhs;wealth=dhs,2,23.61,False
KHAIRPUR DISTRICT,15910,2405190,1240254,1164826,106.48,151.17,32.31,5.83,2.34,386275.0,49.152366385635055,4.236765494603482,89.3627719199657,22.91102862522984,Sindh,124.0,-0.5704208359030177,38.49807574668191,139.0,2.886889130433596,63.54011987293647,82.0,2.7306248597975302,11.48124491052966,False,False,False,False,False,0.552616398881961,False,0.4500949314353404,0.6248188402747168,False,16.0600617830608,0.6717512024385254,dhs,0.2809269837192919,dhs,0.3359808634093362,dhs,0.6078722566143557,education=dhs;wealth=dhs,8,74.2,False
SUKKUR DISTRICT,5165,1488372,776332,711882,109.05,288.16,48.43,5.64,2.49,226757.0,54.72549079126843,4.088498091203976,90.66548903950758,41.30164115573471,Sindh,76.0,-0.6749728435574414,60.53815858873571,75.0,2.5968655492723376,73.1588444382237,40.0,3.6851911552392913,6.490255646661028,False,False,False,False,False,0.6593024425187719,False,0.4071035391671395,0.5537665917897332,False,15.235236889702303,0.5501516106894224,dhs,0.2527044070348654,dhs,0.3020118692900294,dhs,0.6001549391221048,education=dhs;wealth=dhs,18,31.51,False
BADIN DISTRICT,6858,1804958,931177,873589,106.59,263.19,21.63,5.0,2.61,289324.0,33.65466383314592,4.329589291121473,59.22994275353803,15.939194520455958,Sindh,80.0,-1.322666402060474,80.56439858742743,83.0,1.2735660036581906,75.12065739826546,55.0,3.145230844844753,7.954821595556355,False,False,False,False,False,0.3425168651687459,False,0.387317090103966,0.5637619587019318,False,16.029403454263203,0.6189356790335794,dhs,0.1239323852805499,dhs,0.0915759420085166,dhs,0.7687450730310981,education=dhs;wealth=dhs,64,2.49,False
DADU DISTRICT,7866,1550390,795700,754480,105.46,197.1,24.73,5.38,1.79,232894.0,47.26331915216536,4.199194514089875,69.97991296792055,21.13078381639538,Sindh,84.0,-1.1721375277195996,70.25620437581432,78.0,1.4886610087965149,78.40937993200737,40.0,3.4673958091142336,7.849305642703565,False,False,False,False,False,0.432062266303464,False,0.4012184895150121,0.5956253203197339,False,15.02163971645844,0.5778959646438067,dhs,0.1448635635407692,dhs,0.1404828407088468,dhs,0.7309232207146357,education=dhs;wealth=dhs,3,33.2,False
HYDERABAD DISTRICT,993,2199928,1145216,1054407,108.61,2215.44,83.03,5.01,2.05,267218.0,65.76100683524815,3.261798519364861,87.16660744848599,64.83043860932489,Sindh,75.0,0.0815712652028328,12.491869009861444,88.0,3.802771438667399,50.95249021697411,39.0,4.917679627573325,6.982878422778685,False,False,False,False,False,0.7662276901917502,False,0.2079799918433471,0.3283544410044648,False,12.14667025466288,0.3931482723283751,dhs,0.3700526974786355,dhs,0.5478133891079673,dhs,0.4340889998882393,education=dhs;wealth=dhs,59,8.86,False
JAMSHORO DISTRICT,11204,993908,523069,470702,111.13,88.71,43.53,5.37,2.85,140024.0,46.47234499719304,3.94671564128802,57.64143497657444,35.095241560360705,Sindh,47.0,-0.0396204915526471,9.560743275261178,43.0,3.18072200735536,63.221534074914565,22.0,4.720866336433102,5.060457371168853,False,False,True,False,False,0.4367833895436765,False,0.3576456084182526,0.6833020356105419,False,14.088225469560562,0.4182197796377475,dhs,0.3095202479915486,dhs,0.5084381330522202,dhs,0.5554266366412944,education=dhs;wealth=dhs,5,58.87,False
MATIARI DISTRICT,1417,770040,396922,373041,106.4,543.43,23.72,5.34,2.36,109988.0,42.62533435443235,4.263718033819647,82.5174333595771,26.57181419412889,Sindh,27.0,-1.0458914814814817,55.55555555555557,27.0,0.8888888888888887,81.48148148148147,18.0,3.2222222222222228,14.814814814814811,True,True,True,False,False,0.5331855996899209,False,0.4083317097844096,0.4837350724092114,False,14.28341384863124,0.609127957870568,dhs,0.0864989485687809,dhs,0.1815002376814904,dhs,0.7198879332261567,education=dhs;wealth=dhs,2,11.69,False
SUJAWAL DISTRICT,8785,779062,404810,374142,108.2,88.68,10.97,5.07,2.21,121160.0,25.12400892371437,4.521388897505708,49.13175366676976,15.446822790890486,Sindh,81.0,-1.1682328031267986,76.39343059718699,91.0,1.2524609492234062,84.08752943567241,47.0,3.989081519859605,6.029641239953298,False,False,False,False,False,0.2820576057080124,False,0.4263161611703024,0.6833390531970314,False,15.552035653131586,0.5114398476083524,dhs,0.1218786246351922,dhs,0.1417514874781063,dhs,0.7723529381681936,education=dhs;wealth=dhs,1,36.98,False
TANDO ALLAHYAR DISTRICT,1554,838527,432697,405709,106.65,539.59,31.97,5.04,2.82,126763.0,38.23010171988977,4.212489136266341,68.46436381134535,25.207555444561528,Sindh,48.0,-0.2295773217216297,37.48273991768789,53.0,6.358796310256269,36.92236186111646,26.0,4.442137380727747,5.506952378472526,False,False,True,False,False,0.4453839914320201,False,0.3713270038861782,0.4845184666327906,False,15.117342673521543,0.4537262995979348,dhs,0.6187828443752375,dhs,0.446721073842221,dhs,0.4660319346125232,education=dhs;wealth=dhs,19,5.33,False
TANDO MUHAMMAD KHAN DISTRICT,1423,677098,349122,327888,106.48,475.82,20.98,5.13,2.31,103215.0,31.96316446779916,4.424248069109903,64.28462349006612,14.876380129193835,Sindh,25.0,-1.1558628,67.99999999999999,26.0,4.269230769230769,38.46153846153845,20.0,4.55,15.384615384615383,True,True,True,False,False,0.3657155697653447,False,0.415586301077384,0.4984107995903226,False,15.243731335788912,0.4399859752945034,dhs,0.4154444693279431,dhs,0.1457705070349464,dhs,0.6500581148332746,education=dhs;wealth=dhs,16,14.16,False
THATTA DISTRICT,8570,982138,510143,471958,108.09,114.6,17.97,5.35,2.63,148104.0,27.88305448013956,4.539795424892441,41.62956564112787,16.452366713181384,Sindh,83.0,-1.0441977923987116,61.59248871848805,92.0,1.2206969579493725,79.26809769881862,48.0,3.19994680688144,3.8415418770175727,False,False,False,False,False,0.2445402220462651,False,0.4558888870000114,0.6552396204177597,False,15.079754576240813,0.6119655621568447,dhs,0.1187876288066964,dhs,0.1820505180231432,dhs,0.7732844631514619,education=dhs;wealth=dhs,21,2.14,False
KARACHI CENTRAL DISTRICT,69,2971382,1542028,1428860,107.92,43063.51,100.0,5.48,1.41,310378.0,81.52403182480568,2.485697110984648,89.65708958576691,97.63474555964896,Sindh,260.0,1.0772213615948851,0.0,241.0,10.276297037091444,8.564035246656847,95.0,7.470029100870934,0.5421273173644562,False,False,False,False,False,0.9574837465296444,False,0.1213690260798688,0.0,False,10.445577175873044,0.0680114479547526,dhs,1.0,dhs,0.8713005514111385,dhs,0.0653184391827099,education=dhs;wealth=dhs,395,0.16,False
KARACHI EAST DISTRICT,139,2875315,1506788,1368002,110.15,20685.72,100.0,5.64,3.44,323085.0,75.99509154440985,2.395205761865604,88.48676088907088,93.43293528683236,Sindh,99.0,1.4733410019564148,0.0,86.0,10.120605860136337,10.297449822503662,39.0,7.260233359450179,0.0,False,False,False,False,False,0.9281132429352076,False,0.1212136380136114,0.0811487512216072,False,11.236507999993044,0.0947367541270787,dhs,0.9848494865034406,dhs,1.0,dhs,0.037862076838796,education=dhs;wealth=dhs,208,0.27,False
KARACHI SOUTH DISTRICT,122,1769230,930691,838349,111.01,14501.89,100.0,5.43,0.98,174872.0,77.7861668928183,2.579149711517348,84.38319140130184,96.96737862616484,Sindh,159.0,0.7999129413515779,0.0,161.0,7.170585927749153,18.661584227846944,74.0,8.003924280846135,0.0,False,False,False,False,False,0.9236947846776608,False,0.1324213575092267,0.1204548161811184,False,9.88407386264081,0.0,dhs,0.6977791612939482,dhs,0.7812029214582561,dhs,0.2065406638004931,education=dhs;wealth=dhs,376,0.89,False
KARACHI WEST DISTRICT,929,3907065,2056119,1850580,111.11,4205.67,92.76,6.13,3.34,503331.0,65.60300668708918,2.977032762365219,66.86897153144142,89.50018515223361,Sindh,292.0,0.6787468423596944,0.0,277.0,5.939136464970005,32.04098408692489,136.0,6.747297453066822,1.605976963510927,False,False,False,False,False,0.783152089520666,False,0.2657611925396812,0.2574364203744823,False,12.882585777303424,0.1600782574962156,dhs,0.5779451920797135,dhs,0.7418360016213945,dhs,0.3084021432625008,education=dhs;wealth=dhs,126,7.2,False
KORANGI DISTRICT,108,2577556,1347161,1229899,109.53,23866.26,100.0,5.8,2.68,288465.0,80.19145478416806,2.726042076692634,82.14837006658568,94.84623183507942,Sindh,127.0,0.71817447687833,0.0,128.0,8.053218183367704,16.1447429399039,61.0,7.583584528130961,0.6487629890332408,False,False,False,False,False,0.8994575876932426,False,0.1921938253656018,0.0653202868980177,False,11.191415433845084,0.0535459323989955,dhs,0.7836692686383314,dhs,0.7546460577374718,dhs,0.1982594949215342,education=dhs;wealth=dhs,120,0.56,False
MALIR DISTRICT,2160,1924346,1028865,895329,114.91,890.9,55.43,5.87,3.77,251179.0,63.69304745499642,3.2152654334938355,81.755210861029,83.79102351584216,Sindh,176.0,0.3362108841086817,0.551543680062151,167.0,4.255581289632566,46.57120989543183,96.0,6.123122353748381,2.2903932710349872,False,False,False,False,False,0.8375571419490461,False,0.2814089430850537,0.4291035743446828,False,13.052694265999982,0.2395902176602322,dhs,0.4141162204899681,dhs,0.6305459153521856,dhs,0.3905954612958043,education=dhs;wealth=dhs,88,11.96,False
MIRPUR KHAS DISTRICT,2925,1504440,776146,728071,106.6,514.34,28.85,5.25,2.13,226755.0,42.405606089985696,4.048986508547122,53.33412964127498,24.091594149947127,Sindh,54.0,-1.4374987734039912,83.38944295343809,52.0,0.7896228002819002,86.53677855031607,26.0,2.3884492423716948,19.26442899367827,False,False,True,False,False,0.3527563578741844,False,0.3635705298757535,0.4898125908029413,False,15.072385738214884,0.7153400192490152,dhs,0.0768392347391109,dhs,0.0542668531217002,dhs,0.7908105198113271,education=dhs;wealth=dhs,59,9.29,False
THARPARKAR DISTRICT,19637,1647036,881018,765862,115.04,83.87,8.05,5.45,3.14,324617.0,29.77956777919231,2.8664014368650443,12.55988238549421,5.88772615289219,Sindh,51.0,-1.6045248685257405,92.3586945533596,65.0,0.4417229860869409,93.81842282003306,42.0,2.760210852719638,16.935721613653246,False,False,False,False,False,0.0211406861581363,False,0.182810352112687,0.6894403234119588,False,19.70916239839324,0.6679823236524216,dhs,0.0429846455870804,dhs,0.0,dhs,0.8581487896297976,education=dhs;wealth=dhs,4,37.37,False
UMER KOT DISTRICT,5608,1073469,556470,516841,107.67,191.42,22.69,5.03,2.55,183438.0,35.07296677023362,3.763730228281671,33.23553785923167,10.85005858202913,Sindh,45.0,-0.493203121159171,28.23427600717478,51.0,3.279803748124688,64.1295489904581,27.0,4.179580716421846,8.351353426877033,False,False,True,False,False,0.1662642734464478,False,0.2946148479668889,0.5988450599528377,False,17.08833697107229,0.487172675552188,dhs,0.3191620226903239,dhs,0.3610689335180412,dhs,0.640911984508718,education=dhs;wealth=dhs,20,4.34,False
SANGHAR DISTRICT,10728,2049873,1059051,990578,106.91,191.08,27.89,5.47,2.34,306387.0,41.40329128215894,4.179056395571681,71.77842204247477,21.101854296784484,Sindh,84.0,-0.9779040164448888,62.24111592769815,80.0,2.102069705014305,72.1014696004761,47.0,3.691961711057304,3.187871768997725,False,False,False,False,False,0.4422009389223829,False,0.4063250521529872,0.599040794622377,False,14.94663327923242,0.5492891280862587,dhs,0.204555171714778,dhs,0.2035893955257673,dhs,0.689837441280569,education=dhs;wealth=dhs,63,1.92,False
NAUSHAHRO FEROZE DISTRICT,2946,1612047,831392,780446,106.53,547.2,23.52,5.79,2.09,241029.0,53.83025959049146,4.126312379858881,95.07795503988396,29.70195794053662,Sindh,81.0,-0.8022535897918431,47.41688987162628,88.0,3.0921511706365026,59.60979191440544,55.0,3.62081129115928,8.073261435397871,False,False,False,False,False,0.6219718696094418,False,0.4276656729092415,0.482971315725363,False,14.95173527818978,0.5583527856380615,dhs,0.3009013032102555,dhs,0.2606582978251159,dhs,0.6062425315433737,education=dhs;wealth=dhs,4,4.01,False
SHAHEED BENAZIRABAD DISTRICT,4502,1613506,833235,780089,106.81,358.4,30.36,5.38,2.02,243816.0,46.86361018794149,4.134516958001457,87.48125302575318,27.538670395184525,Sindh,82.0,-0.7188587621481236,52.33580780800272,93.0,1.692929045578518,79.07480143868185,54.0,3.14698770745118,3.6339168684298393,False,False,False,False,False,0.5668155926440008,False,0.3902985439175532,0.5296993631773106,False,15.110944737732614,0.6187118771072795,dhs,0.1647411552496031,dhs,0.2877533146819276,dhs,0.6511962643168935,education=dhs;wealth=dhs,2,23.95,False
AWARAN DISTRICT,29510,121821,63063,58749,107.34,4.13,28.1,6.61,0.16,19857.0,25.4673304293715,2.6568708259473754,14.354357671490114,8.317684745388268,Balochistan,48.0,-0.5424305336186196,4.2844908649763225,52.0,0.3954214940554665,91.63285241259108,18.0,1.0181839422562375,26.2482370279757,False,False,True,False,False,0.0445235567343702,False,0.2570747254730758,1.0,False,16.30014529514616,0.88989437118629,dhs,0.0384789864119561,dhs,0.3450749251593413,dhs,0.7626663746821003,education=dhs;wealth=dhs,0,158.15,True
KALAT DISTRICT,8416,412058,211806,200251,105.77,48.96,17.57,7.38,2.93,84152.0,41.586199633848,2.614080928167779,32.68857027611749,13.736203292875215,Balochistan,72.0,-1.3021075593897382,76.46086511055638,91.0,0.1339816580692414,97.80598863244538,66.0,0.4918731101814882,47.13472028799356,False,False,False,False,False,0.1787060131188845,False,0.3226290480093503,0.748087532045886,False,20.422367724931927,0.9569396697884184,dhs,0.0130379316193027,dhs,0.0982555192012405,dhs,0.8286132227504974,education=dhs;wealth=dhs,0,131.15,True
KHARAN DISTRICT,14958,162766,84631,78135,108.31,10.88,31.57,6.56,2.76,30095.0,40.93276263538778,3.577116683864113,39.74521771187482,7.311678204235449,Balochistan,48.0,-0.8681601037751078,54.29216608600933,46.0,0.7574385744602948,92.07613436997302,22.0,1.0142035890840813,33.68513477917287,False,False,True,False,False,0.1844341984834192,False,0.4077201079855179,0.907059409739826,False,18.48973372817419,0.89040141749943,dhs,0.0737073453332832,dhs,0.2392452419101939,dhs,0.7767000330614364,education=dhs;wealth=dhs,0,108.77,True
KHUZDAR DISTRICT,35380,798896,419351,379468,110.51,22.58,34.52,6.59,3.47,157774.0,35.90246385664834,2.8076215483973206,31.803234455893016,21.53999224270224,Balochistan,156.0,-1.3430216498072411,78.27024025813141,204.0,0.9473574478763556,86.28564612794696,126.0,1.001609674755067,39.37304293568073,False,False,False,False,False,0.21574477719964,False,0.2806366218860527,0.8311860159147357,False,19.749003625002505,0.8920057218293065,dhs,0.092188601055122,dhs,0.0849625128977872,dhs,0.791191773604351,education=dhs;wealth=dhs,0,97.49,True
LASBELA DISTRICT,15153,576271,301204,275056,109.51,38.03,48.92,6.21,3.26,89608.0,34.487727592797505,4.159993200440455,21.87311310915698,22.21234177562604,Balochistan,103.0,-0.9480204589744552,57.05716512636908,136.0,1.41380425640041,84.95685530128004,74.0,2.2826329942284,14.787290160477248,False,False,False,False,False,0.1625319694067047,False,0.4730497742839367,0.7754126645152918,False,15.549628560173948,0.728819661926627,dhs,0.1375791543682905,dhs,0.2132985767337685,dhs,0.7763087952122173,education=dhs;wealth=dhs,4,45.82,False
MASTUNG DISTRICT,3308,265676,137504,128169,107.28,80.31,13.17,6.84,3.05,46832.0,39.65643972936526,2.270944826719335,45.37020097744558,14.575438413088362,Balochistan,79.0,-0.3939830946931824,33.75070618035996,94.0,0.9150245711202464,87.25641874206936,61.0,1.6682061270314232,30.17334434398761,False,False,False,False,False,0.2558245879172358,False,0.2136553809887688,0.6941829918470706,False,17.627486110902,0.8070898214405411,dhs,0.0890422462310636,dhs,0.3933055645608506,dhs,0.6817269340157406,education=dhs;wealth=dhs,0,41.02,True
WASHUK DISTRICT,33093,175712,91841,83870,109.5,5.31,12.43,5.6,2.49,36904.0,23.85557216660674,3.4149427928796348,21.04939271255061,9.097975708502023,Balochistan,55.0,-0.5782395955145436,3.2266375777268355,60.0,0.3138281794449812,94.86888632006816,27.0,0.8143733475896672,31.38462846188569,False,False,True,False,False,0.0870564830343858,False,0.2896019621679213,0.9770866602995746,False,21.00254962666181,0.9158572458697372,dhs,0.0305390334974012,dhs,0.3334405449092643,dhs,0.7653081725214412,education=dhs;wealth=dhs,0,128.25,True
GWADAR DISTRICT,12637,262253,141116,121120,116.51,20.75,61.31,6.36,1.84,34698.0,51.97108062960758,3.673586518344644,60.613869469816805,12.035005357962952,Balochistan,76.0,-0.6604270508190728,38.99367598104951,93.0,2.0841905775726284,78.6242886964636,45.0,1.144488573160913,26.735030644022057,False,False,False,False,False,0.32937291960126,False,0.4051041654975599,0.8401270251630648,False,13.230735206079624,0.8738047694191106,dhs,0.2028153302741167,dhs,0.3067378038662784,dhs,0.6818843341485576,education=dhs;wealth=dhs,2,39.29,False
KECH DISTRICT,22539,907182,492878,414202,118.99,40.25,33.29,6.58,4.22,115787.0,62.660903111424105,3.1025216213843523,45.39080057204565,29.969646557511016,Balochistan,107.0,-0.253165111696101,0.0,124.0,3.469142918140323,68.6045131021274,50.0,1.961799690372636,17.104810782954434,False,False,False,False,False,0.3390041848483952,False,0.3294813995678299,0.7692899865153201,False,12.763370525429297,0.7696897397354416,dhs,0.3375868667107167,dhs,0.4390573903137454,dhs,0.581748752522621,education=dhs;wealth=dhs,0,91.55,True
PANJGUR DISTRICT,16891,315353,166379,148952,111.7,18.67,25.5,7.38,1.58,62335.0,59.22071598402478,2.3624056764999737,22.40653099858022,10.86606720302887,Balochistan,,,,,,,,,,,,,False,False,0.1043648123202344,False,0.2801370272427931,0.8512521213681111,False,19.76673759247573,0.6029219684883771,imputed_median,0.6356995420392189,census,0.1043648123202344,census_wash_proxy,0.6173433082125751,education=census;wealth=census_wash_proxy,0,179.54,True
JAFFARABAD DISTRICT,1643,513972,262872,251047,104.71,312.83,30.68,6.46,3.03,93998.0,30.65967039752752,4.552452575075712,40.45251439935945,15.683033292868766,Balochistan,48.0,-0.1136439765790045,19.77323356337613,50.0,4.138875632768158,52.494170105411854,24.0,4.376706381931813,0.0,False,False,True,False,False,0.2336516651313703,False,0.5629408123964791,0.5447053733125272,False,18.28854490127867,0.462061375725507,dhs,0.4027594393028178,dhs,0.484387869609531,dhs,0.6014286241943523,education=dhs;wealth=dhs,4,5.81,False
JHAL MAGSI DISTRICT,3615,148900,76726,72173,106.31,41.19,5.25,5.95,1.61,28548.0,23.4576945786953,4.06042125548903,21.020030568739443,4.9674201592792215,Balochistan,24.0,-1.44562625,87.50000000000001,22.0,1.3636363636363642,86.36363636363636,13.0,0.1538461538461538,50.00000000000002,True,True,True,False,False,0.0646014006897065,False,0.431663705785161,0.7667962130324122,False,19.17259905977166,1.0,dhs,0.132697250645289,dhs,0.051626232335085,dhs,0.8398973683034562,education=dhs;wealth=dhs,0,44.65,True
KACHHI DISTRICT,5682,309932,164291,145633,112.81,54.55,16.45,7.47,1.02,52850.0,32.97850041921188,3.323147303962665,22.826193270735523,12.5929186228482,Balochistan,27.0,-1.0055118518518518,44.44444444444444,20.0,1.3500000000000003,85.00000000000001,17.0,2.117647058823529,30.000000000000004,True,True,True,False,False,0.1160844599200977,False,0.4508520963171873,0.7363490997328128,False,17.052127563465536,0.7498367693662853,dhs,0.1313702781388361,dhs,0.1946195974355607,dhs,0.7900454458842978,education=dhs;wealth=dhs,1,60.76,False
NASIRABAD DISTRICT,3387,487847,251564,236282,106.47,144.04,19.74,7.31,3.66,95524.0,23.303749002205297,4.575786103322961,44.80731548007838,6.503685732947654,Balochistan,48.0,-1.0029413767415143,72.26847018191161,50.0,1.287800158717421,80.21917270773706,37.0,2.065395079356685,29.32928514743779,False,False,False,False,False,0.2090502872253855,False,0.6472206331225735,0.6301300630415296,False,19.580729204033236,0.7564930062369892,dhs,0.1253175296577369,dhs,0.1954547459503122,dhs,0.8027754783580074,education=dhs;wealth=dhs,0,38.3,True
SOHBATPUR DISTRICT,802,200426,102967,97449,105.66,249.91,6.42,6.54,1.84,40050.0,33.15026596837977,4.996996940725771,48.72484558677027,10.898585375572823,Balochistan,20.0,-1.261134,74.99999999999999,20.0,0.5000000000000001,95.0,15.0,1.1333333333333335,35.00000000000001,True,True,True,False,False,0.2551877662989695,False,0.6455576559546314,0.5694700097196754,False,19.98243740832028,0.8752258049358415,dhs,0.0486556585699392,dhs,0.1115678470004112,dhs,0.8452962605337987,education=dhs;wealth=dhs,1,19.25,False
CHAGAI DISTRICT,44748,226517,118973,107537,110.63,5.06,7.18,6.87,4.15,177050.5,36.9112762387426,3.017791275871346,20.94189301424221,27.720685297981937,Balochistan,,,,,,,,,,,,,False,True,0.1869226804779843,False,0.3425860149739556,0.9815608512987988,True,78.1621246970426,0.6029219684883771,imputed_median,0.2857833233812666,census,0.1869226804779843,census_wash_proxy,0.7079023988236578,education=census;wealth=census_wash_proxy,4,111.89,False
KILLA ABDULLAH DISTRICT,4894,758354,399299,359051,111.21,154.96,19.69,7.55,3.98,146256.0,42.87245240500592,2.5798808119829904,68.71017131507077,15.81147066125962,Balochistan,55.0,-0.1787004469663886,0.0,49.0,0.3111159679366214,94.72360438209098,26.0,2.0764568310518787,15.82918685372702,False,False,True,False,False,0.3960930684666417,False,0.3329228659381011,0.6220960624818944,False,19.2859798985698,0.7550838799179598,dhs,0.0302751046231608,dhs,0.4632509932396739,dhs,0.6711482316073784,education=dhs;wealth=dhs,0,64.21,True
NUSHKI DISTRICT,5797,178947,92571,86373,107.18,30.87,25.93,7.88,3.21,29647.0,51.66640380512829,2.710225152614218,68.30251197779072,19.30327318318184,Balochistan,,,,,,,,,,,,,False,False,0.4126001308906247,False,0.3861207014838851,0.7978429498608046,False,16.56747528597853,0.6029219684883771,imputed_median,0.5172126422164577,census,0.4126001308906247,census_wash_proxy,0.5205936150015102,education=census;wealth=census_wash_proxy,0,139.23,True
PISHIN DISTRICT,6218,736903,380615,356227,106.85,118.51,19.38,5.81,3.59,137385.0,52.97240517232324,2.624613884708176,66.75958689105968,18.060336909031367,Balochistan,44.0,-0.3966963570236004,0.0,49.0,0.9340526517026976,88.32434185371628,25.0,2.13899194758086,14.963966520333628,False,False,True,False,False,0.3970618988077921,False,0.1760142030013504,0.6515580698528096,False,18.64356638526373,0.7471177023185427,dhs,0.0908938938151857,dhs,0.3924240244143357,dhs,0.6474496805290284,education=dhs;wealth=dhs,0,57.08,True
QUETTA DISTRICT,3447,2269473,1190476,1078718,110.36,658.39,44.04,7.97,5.81,363210.0,58.76283812593311,2.5503370488620813,64.73198490388017,55.57922514447458,Balochistan,205.0,0.3834574822762901,1.4502943253462903,213.0,2.0811345307549427,76.53054736614367,118.0,3.001161451948478,8.991540472252598,False,False,False,False,False,0.5878943975593409,False,0.3676323367885804,0.462532151223337,False,16.00415603093758,0.637288285283542,dhs,0.2025179423330466,dhs,0.6458963562601928,dhs,0.5229157843117948,education=dhs;wealth=dhs,20,20.66,False
DERA BUGTI DISTRICT,10160,313110,165056,148053,111.48,30.82,32.05,6.65,2.91,74868.0,26.546335526391328,3.836411812829615,28.610246745847395,10.279616075733006,Balochistan,50.0,-0.5922491605319807,22.6925703416026,63.0,0.5055476709273571,94.29386549339412,39.0,2.3236398399906,20.21714714710224,False,False,False,False,False,0.13671094437824,False,0.4600052600011098,0.7980167235077045,False,23.91108556098496,0.7235959119079922,dhs,0.049195509734939,dhs,0.3288888309597404,dhs,0.7757735224293676,education=dhs;wealth=dhs,0,75.84,True
HARNAI DISTRICT,2492,97052,51964,45069,115.3,38.95,25.31,5.6,1.25,16221.0,36.24255987070104,2.972234224590939,25.703189360950923,17.818053430622573,Balochistan,,,,,,,,,,,,,False,False,0.160745518670635,False,0.2148565052642519,0.7728341153720919,False,16.71372047974282,0.6029219684883771,imputed_median,0.2752947272743533,census,0.160745518670635,census_wash_proxy,0.7055025619082966,education=census;wealth=census_wash_proxy,1,7.0,False
KOHLU DISTRICT,7610,213933,112124,101809,110.13,28.11,8.15,7.98,4.08,38818.0,18.771934977018752,2.8753913075642914,15.973345659040136,6.601956705954857,Balochistan,27.0,-0.937221851851852,48.14814814814815,47.0,0.8510638297872343,91.48936170212764,35.0,0.2857142857142857,68.08510638297872,True,False,False,False,False,0.0445332744959073,False,0.4234586070619973,0.8078683924018089,False,18.14493322675791,0.983201679048954,dhs,0.0828181422467051,dhs,0.2168070490249641,dhs,0.8105836716662821,education=dhs;wealth=dhs,0,97.22,True
SIBI DISTRICT,7121,179751,94723,85009,111.43,25.24,35.98,6.41,1.46,27830.0,45.96567913226485,3.395861302536984,51.50310924678956,28.373256798027743,Balochistan,22.0,0.265275,4.545454545454546,19.0,2.789473684210526,73.68421052631578,13.0,4.461538461538461,15.789473684210526,True,True,True,False,False,0.3653778273063829,False,0.3629398524844638,0.8193562492046553,False,15.482528609020257,0.4512548489324969,dhs,0.271447358337556,dhs,0.6074988148306903,dhs,0.5541091925440412,education=dhs;wealth=dhs,0,38.62,True
ZIARAT DISTRICT,3301,160095,82161,77912,105.45,48.5,2.12,5.52,3.66,27234.0,45.36089338710905,2.8267321600477344,15.867803242034656,21.544857462269423,Balochistan,,,,,,,,,,,,,False,False,0.1245557330360104,False,0.1827289791280757,0.7491112906016004,False,17.011149629907244,0.6029219684883771,imputed_median,0.418312786936667,census,0.1245557330360104,census_wash_proxy,0.6687220049233726,education=census;wealth=census_wash_proxy,1,32.23,False
BARKHAN DISTRICT,3514,171025,89911,81100,110.86,48.67,7.13,6.55,2.67,33216.0,26.98674249557456,3.013424038506472,26.885181550539745,12.765456329735034,Balochistan,,,,,,,,,,,,,False,False,0.1402492869708275,False,0.3116029183059899,0.7487318409971773,False,19.421721970472152,0.6029219684883771,imputed_median,0.1301202785445173,census,0.1402492869708275,census_wash_proxy,0.7810736967699037,education=census;wealth=census_wash_proxy,0,35.68,True
KILLA SAIFULLAH DISTRICT,6831,342932,181806,161121,112.84,50.2,18.46,6.43,3.05,69522.0,32.770682953914495,2.7650449861186552,38.7851711026616,8.216730038022813,Balochistan,76.0,-0.7448368853110792,31.65018912905932,84.0,1.884234343681896,70.37945460739708,54.0,1.8557776796330008,29.006743699474946,False,False,False,False,False,0.1838221767504633,False,0.2583252619625744,0.745374095385957,False,20.272823766810912,0.7831955939478956,dhs,0.1833573257838799,dhs,0.2793130108298023,dhs,0.704015386670995,education=dhs;wealth=dhs,1,53.26,False
LORALAI DISTRICT,8018,397423,212502,184905,114.92,49.57,16.33,7.0,2.46,71625.0,37.16097815104825,2.741909355519007,45.70392033465369,21.3045570651168,Balochistan,55.0,-0.7707148896575094,44.40696013454773,60.0,0.4963354527537167,94.84934907519728,41.0,1.3773792481828926,29.282468527313384,False,False,False,False,False,0.2940427521568767,False,0.3082943545688362,0.7467443819313437,False,18.02235904816782,0.8441374627688796,dhs,0.0482990566506821,dhs,0.2709052356260127,dhs,0.7392593622384075,education=dhs;wealth=dhs,1,28.58,False
MUSAKHEL DISTRICT,5728,167243,90733,76498,118.61,29.2,8.45,6.78,1.17,36060.0,25.859683288064367,2.7652985040539,15.568345323741006,6.006166495375129,Balochistan,,,,,,,,,,,,,False,False,0.0390003575072932,False,0.2914493505402029,0.8037999090196306,False,21.56144053861746,0.6029219684883771,imputed_median,0.1124427258763024,census,0.0390003575072932,census_wash_proxy,0.8348622697706779,education=census;wealth=census_wash_proxy,0,63.19,True
SHERANI DISTRICT,4310,152952,84390,68561,123.09,35.49,0.0,7.3,3.35,36394.0,28.00028388256725,2.833373412561624,17.363470724380754,5.810804156202295,Balochistan,23.0,-1.074617391304348,47.82608695652174,19.0,0.0,100.0,11.0,0.2727272727272726,47.368421052631575,True,True,True,False,False,0.0482216493614642,False,0.3520922323075082,0.7828603383026902,False,23.79439301218683,0.9848560591426176,dhs,0.0,dhs,0.1721671767127335,dhs,0.8415193519600133,education=dhs;wealth=dhs,0,83.9,True
ZHOB DISTRICT,15987,310354,168239,142114,118.38,19.41,14.87,6.63,2.51,60914.0,33.435057062831824,2.611654873149331,39.20694038671692,16.160039251544415,Balochistan,56.0,-0.6171142017559128,9.543201009420628,59.0,0.4809198217625741,95.25017459987582,38.0,1.277058594985033,36.75022448555463,False,False,False,False,False,0.2290956850224537,False,0.2513309720595603,0.8471648033177386,False,19.627264349742557,0.8569170366246877,dhs,0.0467989412943917,dhs,0.3208101679281909,dhs,0.7292578289729489,education=dhs;wealth=dhs,0,91.47,True
ISLAMABAD DISTRICT,906,2003368,1052328,950760,110.68,2211.22,50.37,5.86,4.9,235270.0,81.48692280430839,2.11783393153736,68.13439913290883,74.58670159117253,Federal Capital Territory,1270.0,0.9280131206918564,0.4266235846451949,1097.0,7.388797948138843,25.788591931926824,537.0,6.394702221875807,2.191223865593892,False,False,False,False,False,0.7099276030757092,False,0.0951770423712767,0.328565364671718,False,11.743723569508948,0.2049944004296573,dhs,0.719013660413823,dhs,0.8228227271063208,dhs,0.2237894364638153,education=dhs;wealth=dhs,69,2.9,False
