district_key,province,area_sqkm,census_population_2017
ABBOTTABAD DISTRICT,Khyber Pakhtunkhwa,1967,1333089
ATTOCK DISTRICT,Punjab,6857,1886378
AWARAN DISTRICT,Balochistan,29510,121821
BADIN DISTRICT,Sindh,6858,1804958
BAHAWALNAGAR DISTRICT,Punjab,8878,2975656
BAHAWALPUR DISTRICT,Punjab,24830,3669176
BAJAUR AGENCY DISTRICT,Fata,1290,1090987
BANNU DISTRICT,Khyber Pakhtunkhwa,1227,1167071
BARKHAN DISTRICT,Balochistan,3514,171025
BATAGRAM DISTRICT,Khyber Pakhtunkhwa,1301,476749
BHAKKAR DISTRICT,Punjab,8153,1647852
BUNER DISTRICT,Khyber Pakhtunkhwa,1865,895460
CHAGAI DISTRICT,Balochistan,44748,226517
CHAKWAL DISTRICT,Punjab,6525,1495463
CHARSADDA DISTRICT,Khyber Pakhtunkhwa,996,1610960
CHINIOT DISTRICT,Punjab,2643,1368659
CHITRAL DISTRICT,Khyber Pakhtunkhwa,14850,447625
DADU DISTRICT,Sindh,7866,1550390
DERA BUGTI DISTRICT,Balochistan,10160,313110
DERA GHAZI KHAN DISTRICT,Punjab,11922,2872631
DERA ISMAIL KHAN DISTRICT,Khyber Pakhtunkhwa,7326,1625088
FAISALABAD DISTRICT,Punjab,5857,7882444
FR BANNU DISTRICT,Fata,745,43112
FR D.I.KHAN DISTRICT,Fata,2008,68506
FR KOHAT DISTRICT,Fata,446,118839
FR LAKKI MARWAT DISTRICT,Fata,132,26394
FR PESHAWAR DISTRICT,Fata,261,64761
FR TANK DISTRICT,Fata,1221,36418
GHOTKI DISTRICT,Sindh,6083,1648708
GUJRANWALA DISTRICT,Punjab,3622,5011066
GUJRAT DISTRICT,Punjab,3192,2756289
GWADAR DISTRICT,Balochistan,12637,262253
HAFIZABAD DISTRICT,Punjab,2367,1156954
HANGU DISTRICT,Khyber Pakhtunkhwa,1097,518811
HARIPUR DISTRICT,Khyber Pakhtunkhwa,1725,1001515
HARNAI DISTRICT,Balochistan,2492,97052
HYDERABAD DISTRICT,Sindh,993,2199928
ISLAMABAD DISTRICT,Federal Capital Territory,906,2003368
JACOBABAD DISTRICT,Sindh,2698,1007009
JAFFARABAD DISTRICT,Balochistan,1643,513972
JAMSHORO DISTRICT,Sindh,11204,993908
JHAL MAGSI DISTRICT,Balochistan,3615,148900
JHANG DISTRICT,Punjab,6166,2742633
JHELUM DISTRICT,Punjab,3587,1222403
KACHHI DISTRICT,Balochistan,5682,309932
KALAT DISTRICT,Balochistan,8416,412058
KAMBAR SHAHDAD KOT DISTRICT,Sindh,5475,1338035
KARACHI CENTRAL DISTRICT,Sindh,69,2971382
KARACHI EAST DISTRICT,Sindh,139,2875315
KARACHI SOUTH DISTRICT,Sindh,122,1769230
KARACHI WEST DISTRICT,Sindh,929,3907065
KARAK DISTRICT,Khyber Pakhtunkhwa,3371,705362
KASHMORE DISTRICT,Sindh,2580,1090336
KASUR DISTRICT,Punjab,3995,3454881
KECH DISTRICT,Balochistan,22539,907182
KHAIRPUR DISTRICT,Sindh,15910,2405190
KHANEWAL DISTRICT,Punjab,4349,2920233
KHARAN DISTRICT,Balochistan,14958,162766
KHUSHAB DISTRICT,Punjab,6511,1280372
KHUZDAR DISTRICT,Balochistan,35380,798896
KHYBER AGENCY DISTRICT,Fata,2576,984246
KILLA ABDULLAH DISTRICT,Balochistan,4894,758354
KILLA SAIFULLAH DISTRICT,Balochistan,6831,342932
KOHAT DISTRICT,Khyber Pakhtunkhwa,2545,992427
KOHISTAN DISTRICT,Khyber Pakhtunkhwa,7492,784711
KOHLU DISTRICT,Balochistan,7610,213933
KORANGI DISTRICT,Sindh,108,2577556
KURRAM AGENCY DISTRICT,Fata,3380,615372
LAHORE DISTRICT,Punjab,1772,11119985
LAKKI MARWAT DISTRICT,Khyber Pakhtunkhwa,3164,875744
LARKANA DISTRICT,Sindh,1948,1521786
LASBELA DISTRICT,Balochistan,15153,576271
LAYYAH DISTRICT,Punjab,6289,1823995
LODHRAN DISTRICT,Punjab,2778,1699693
LORALAI DISTRICT,Balochistan,8018,397423
LOWER DIR DISTRICT,Khyber Pakhtunkhwa,1583,1436082
MALAKAND PROTECTED AREA DISTRICT,Khyber Pakhtunkhwa,952,717806
MALIR DISTRICT,Sindh,2160,1924346
MANDI BAHAUDDIN DISTRICT,Punjab,2673,1594039
MANSEHRA DISTRICT,Khyber Pakhtunkhwa,4125,1555742
MARDAN DISTRICT,Khyber Pakhtunkhwa,1632,2373399
MASTUNG DISTRICT,Balochistan,3308,265676
MATIARI DISTRICT,Sindh,1417,770040
MIANWALI DISTRICT,Punjab,5840,1542601
MIRPUR KHAS DISTRICT,Sindh,2925,1504440
MOHMAND AGENCY DISTRICT,Fata,2296,474345
MULTAN DISTRICT,Punjab,3720,4746166
MUSAKHEL DISTRICT,Balochistan,5728,167243
MUZAFFARGARH DISTRICT,Punjab,8249,4328549
NANKANA SAHIB DISTRICT,Punjab,2216,1354986
NAROWAL DISTRICT,Punjab,2337,1707575
NASIRABAD DISTRICT,Balochistan,3387,487847
NAUSHAHRO FEROZE DISTRICT,Sindh,2946,1612047
NORTH WAZIRISTAN AGENCY DISTRICT,Fata,4707,540546
NOWSHERA DISTRICT,Khyber Pakhtunkhwa,1748,1520995
NUSHKI DISTRICT,Balochistan,5797,178947
OKARA DISTRICT,Punjab,4377,3040826
ORAKZAI AGENCY DISTRICT,Fata,1538,254303
PAKPATTAN DISTRICT,Punjab,2724,1824228
PANJGUR DISTRICT,Balochistan,16891,315353
PESHAWAR DISTRICT,Khyber Pakhtunkhwa,1257,4267198
PISHIN DISTRICT,Balochistan,6218,736903
QUETTA DISTRICT,Balochistan,3447,2269473
RAHIM YAR KHAN DISTRICT,Punjab,11880,4807762
RAJANPUR DISTRICT,Punjab,12318,1996039
RAWALPINDI DISTRICT,Punjab,5285,5402380
SAHIWAL DISTRICT,Punjab,3201,2513011
SANGHAR DISTRICT,Sindh,10728,2049873
SARGODHA DISTRICT,Punjab,5856,3696212
SHAHEED BENAZIRABAD DISTRICT,Sindh,4502,1613506
SHANGLA DISTRICT,Khyber Pakhtunkhwa,1586,759609
SHEIKHUPURA DISTRICT,Punjab,3744,3460004
SHERANI DISTRICT,Balochistan,4310,152952
SHIKARPUR DISTRICT,Sindh,2512,1233760
SIALKOT DISTRICT,Punjab,3016,3894938
SIBI DISTRICT,Balochistan,7121,179751
SOHBATPUR DISTRICT,Balochistan,802,200426
SOUTH WAZIRISTAN A DISTRICT,Fata,6620,675215
SUJAWAL DISTRICT,Sindh,8785,779062
SUKKUR DISTRICT,Sindh,5165,1488372
SWABI DISTRICT,Khyber Pakhtunkhwa,1543,1625477
SWAT DISTRICT,Khyber Pakhtunkhwa,5337,2308624
TANDO ALLAHYAR DISTRICT,Sindh,1554,838527
TANDO MUHAMMAD KHAN DISTRICT,Sindh,1423,677098
TANK DISTRICT,Khyber Pakhtunkhwa,1679,390626
THARPARKAR DISTRICT,Sindh,19637,1647036
THATTA DISTRICT,Sindh,8570,982138
TOBA TEK SINGH DISTRICT,Punjab,3252,2191495
TORGHAR DISTRICT,Khyber Pakhtunkhwa,454,171349
UMER KOT DISTRICT,Sindh,5608,1073469
UPPER DIR DISTRICT,Khyber Pakhtunkhwa,3699,947401
VEHARI DISTRICT,Punjab,4364,2902081
WASHUK DISTRICT,Balochistan,33093,175712
ZHOB DISTRICT,Balochistan,15987,310354
ZIARAT DISTRICT,Balochistan,3301,160095
