district_key,province,population_2017,population_under5,deprivation_index,mortality_estimate_per1000,mortality_lower95,mortality_upper95,estimate_type,estimate_source
BANNU DISTRICT,Khyber Pakhtunkhwa,1167071,191230.0,0.6245460472990826,90.42388615305973,58.77552599948882,122.07224630663063,proxy,Deprivation-index-calibrated proxy (NOT PDHS-derived). See docs/LIMITATIONS.md.
LAKKI MARWAT DISTRICT,Khyber Pakhtunkhwa,875744,153713.0,0.7225417236153363,89.60955057517579,58.246207873864265,120.97289327648731,proxy,Deprivation-index-calibrated proxy (NOT PDHS-derived). See docs/LIMITATIONS.md.
DERA ISMAIL KHAN DISTRICT,Khyber Pakhtunkhwa,1625088,258104.0,0.6730170706775126,97.57491512938006,63.42369483409704,131.72613542466308,proxy,Deprivation-index-calibrated proxy (NOT PDHS-derived). See docs/LIMITATIONS.md.
TANK DISTRICT,Khyber Pakhtunkhwa,390626,67978.0,0.6677629671560974,98.42108827003612,63.97370737552348,132.86846916454877,proxy,Deprivation-index-calibrated proxy (NOT PDHS-derived). See docs/LIMITATIONS.md.
ABBOTTABAD DISTRICT,Khyber Pakhtunkhwa,1333089,165094.0,0.4081307736726731,56.689472469638716,36.848157105265166,76.53078783401227,proxy,Deprivation-index-calibrated proxy (NOT PDHS-derived). See docs/LIMITATIONS.md.
BATAGRAM DISTRICT,Khyber Pakhtunkhwa,476749,78239.0,0.6682203223371503,83.20930274230159,54.086046782496034,112.33255870210715,proxy,Deprivation-index-calibrated proxy (NOT PDHS-derived). See docs/LIMITATIONS.md.
HARIPUR DISTRICT,Khyber Pakhtunkhwa,1001515,127594.0,0.4443471061658021,73.9042147559383,48.037739591359895,99.7706899205167,proxy,Deprivation-index-calibrated proxy (NOT PDHS-derived). See docs/LIMITATIONS.md.
MANSEHRA DISTRICT,Khyber Pakhtunkhwa,1555742,217933.0,0.5958153710051476,83.75925289780878,54.4435143835757,113.07499141204185,proxy,Deprivation-index-calibrated proxy (NOT PDHS-derived). See docs/LIMITATIONS.md.
TORGHAR DISTRICT,Khyber Pakhtunkhwa,171349,29389.0,0.8373414961011458,106.32517528787581,69.11136393711928,143.53898663863234,proxy,Deprivation-index-calibrated proxy (NOT PDHS-derived). See docs/LIMITATIONS.md.
KOHISTAN DISTRICT,Khyber Pakhtunkhwa,784711,124502.0,0.7945503356076928,97.00147580946113,63.05095927614973,130.9519923427725,proxy,Deprivation-index-calibrated proxy (NOT PDHS-derived). See docs/LIMITATIONS.md.
HANGU DISTRICT,Khyber Pakhtunkhwa,518811,82717.0,0.7567585520970254,105.56977914762197,68.62035644595429,142.51920184928966,proxy,Deprivation-index-calibrated proxy (NOT PDHS-derived). See docs/LIMITATIONS.md.
KARAK DISTRICT,Khyber Pakhtunkhwa,705362,111397.0,0.4194626371921021,76.2087053125531,49.53565845315952,102.88175217194669,proxy,Deprivation-index-calibrated proxy (NOT PDHS-derived). See docs/LIMITATIONS.md.
KOHAT DISTRICT,Khyber Pakhtunkhwa,992427,141253.0,0.6206079518456065,88.46608064060041,57.50295241639027,119.42920886481055,proxy,Deprivation-index-calibrated proxy (NOT PDHS-derived). See docs/LIMITATIONS.md.
MARDAN DISTRICT,Khyber Pakhtunkhwa,2373399,346965.0,0.5009757100037614,85.51357154800992,55.58382150620645,115.4433215898134,proxy,Deprivation-index-calibrated proxy (NOT PDHS-derived). See docs/LIMITATIONS.md.
SWABI DISTRICT,Khyber Pakhtunkhwa,1625477,224350.0,0.5078734887880592,81.61370606460652,53.04890894199424,110.1785031872188,proxy,Deprivation-index-calibrated proxy (NOT PDHS-derived). See docs/LIMITATIONS.md.
CHARSADDA DISTRICT,Khyber Pakhtunkhwa,1610960,238442.0,0.6206350677397334,82.1761880005789,53.41452220037629,110.93785380078151,proxy,Deprivation-index-calibrated proxy (NOT PDHS-derived). See docs/LIMITATIONS.md.
NOWSHERA DISTRICT,Khyber Pakhtunkhwa,1520995,220079.0,0.387514728843811,70.7116532737925,45.96257462796513,95.46073191961989,proxy,Deprivation-index-calibrated proxy (NOT PDHS-derived). See docs/LIMITATIONS.md.
PESHAWAR DISTRICT,Khyber Pakhtunkhwa,4267198,640771.0,0.5288640003666017,73.69843433583154,47.9039823182905,99.49288635337257,proxy,Deprivation-index-calibrated proxy (NOT PDHS-derived). See docs/LIMITATIONS.md.
BUNER DISTRICT,Khyber Pakhtunkhwa,895460,139603.0,0.6913274022920475,100.00168723402108,65.0010967021137,135.00227776592845,proxy,Deprivation-index-calibrated proxy (NOT PDHS-derived). See docs/LIMITATIONS.md.
CHITRAL DISTRICT,Khyber Pakhtunkhwa,447625,60424.0,0.5521857451927155,81.86168813698188,53.21009728903823,110.51327898492553,proxy,Deprivation-index-calibrated proxy (NOT PDHS-derived). See docs/LIMITATIONS.md.
SHANGLA DISTRICT,Khyber Pakhtunkhwa,759609,135718.0,0.6561980766498179,89.78516843343434,58.36035948173232,121.20997738513636,proxy,Deprivation-index-calibrated proxy (NOT PDHS-derived). See docs/LIMITATIONS.md.
SWAT DISTRICT,Khyber Pakhtunkhwa,2308624,350845.0,0.5731387094928425,79.35186539525239,51.57871250691406,107.12501828359072,proxy,Deprivation-index-calibrated proxy (NOT PDHS-derived). See docs/LIMITATIONS.md.
LOWER DIR DISTRICT,Khyber Pakhtunkhwa,1436082,239244.0,0.599415464208962,94.52899155105277,61.4438445081843,127.61413859392124,proxy,Deprivation-index-calibrated proxy (NOT PDHS-derived). See docs/LIMITATIONS.md.
UPPER DIR DISTRICT,Khyber Pakhtunkhwa,947401,179229.0,0.7570596357337569,98.56466454960906,64.06703195724589,133.06229714197224,proxy,Deprivation-index-calibrated proxy (NOT PDHS-derived). See docs/LIMITATIONS.md.
MALAKAND PROTECTED AREA DISTRICT,Khyber Pakhtunkhwa,717806,109216.0,0.5564332089062519,79.64958955662986,51.77223321180941,107.52694590145032,proxy,Deprivation-index-calibrated proxy (NOT PDHS-derived). See docs/LIMITATIONS.md.
KHYBER AGENCY DISTRICT,Fata,984246,181263.0,0.781973904055655,99.3386696917183,64.5701352996169,134.10720408381968,proxy,Deprivation-index-calibrated proxy (NOT PDHS-derived). See docs/LIMITATIONS.md.
KURRAM AGENCY DISTRICT,Fata,615372,106814.0,0.7406733784095354,101.84233561688086,66.19751815097257,137.48715308278915,proxy,Deprivation-index-calibrated proxy (NOT PDHS-derived). See docs/LIMITATIONS.md.
MOHMAND AGENCY DISTRICT,Fata,474345,78675.0,0.8268885862421084,108.03594545856252,70.22336454806563,145.8485263690594,proxy,Deprivation-index-calibrated proxy (NOT PDHS-derived). See docs/LIMITATIONS.md.
NORTH WAZIRISTAN AGENCY DISTRICT,Fata,540546,99291.0,0.7305726741072518,100.1706550482767,65.11092578137985,135.23038431517355,proxy,Deprivation-index-calibrated proxy (NOT PDHS-derived). See docs/LIMITATIONS.md.
ORAKZAI AGENCY DISTRICT,Fata,254303,46793.0,0.8193932638061785,107.84340623428636,70.09821405228614,145.58859841628657,proxy,Deprivation-index-calibrated proxy (NOT PDHS-derived). See docs/LIMITATIONS.md.
SOUTH WAZIRISTAN A DISTRICT,Fata,675215,177050.5,0.7735938997491848,115.58408115490742,75.12965275068983,156.03850955912503,proxy,Deprivation-index-calibrated proxy (NOT PDHS-derived). See docs/LIMITATIONS.md.
BAJAUR AGENCY DISTRICT,Fata,1090987,200587.0,0.819450270351782,102.15504685879367,66.40078045821588,137.90931325937146,proxy,Deprivation-index-calibrated proxy (NOT PDHS-derived). See docs/LIMITATIONS.md.
FR BANNU DISTRICT,Fata,43112,7651.0,0.8576816570504074,104.68508628190575,68.04530608323874,141.32486648057278,proxy,Deprivation-index-calibrated proxy (NOT PDHS-derived). See docs/LIMITATIONS.md.
FR D.I.KHAN DISTRICT,Fata,68506,13839.0,0.9139454206873884,107.41710219665003,69.82111642782252,145.01308796547755,proxy,Deprivation-index-calibrated proxy (NOT PDHS-derived). See docs/LIMITATIONS.md.
FR KOHAT DISTRICT,Fata,118839,17454.0,0.5242412189018297,84.01455967047649,54.60946378580972,113.41965555514325,proxy,Deprivation-index-calibrated proxy (NOT PDHS-derived). See docs/LIMITATIONS.md.
FR LAKKI MARWAT DISTRICT,Fata,26394,4803.0,0.8702984813989956,116.91777849972426,75.99655602482078,157.83900097462777,proxy,Deprivation-index-calibrated proxy (NOT PDHS-derived). See docs/LIMITATIONS.md.
FR PESHAWAR DISTRICT,Fata,64761,9357.0,0.5803162809509814,83.81743715908785,54.481334153407104,113.15354016476859,proxy,Deprivation-index-calibrated proxy (NOT PDHS-derived). See docs/LIMITATIONS.md.
FR TANK DISTRICT,Fata,36418,6363.0,0.8737885583617445,103.82435940771069,67.48583361501196,140.16288520040942,proxy,Deprivation-index-calibrated proxy (NOT PDHS-derived). See docs/LIMITATIONS.md.
ATTOCK DISTRICT,Punjab,1886378,222025.0,0.583270767208278,79.23693893631079,51.50401030860202,106.96986756401957,proxy,Deprivation-index-calibrated proxy (NOT PDHS-derived). See docs/LIMITATIONS.md.
CHAKWAL DISTRICT,Punjab,1495463,165863.0,0.3820448905083366,72.16324264072416,46.90610771647071,97.42037756497763,proxy,Deprivation-index-calibrated proxy (NOT PDHS-derived). See docs/LIMITATIONS.md.
JHELUM DISTRICT,Punjab,1222403,133895.0,0.1793779784828931,55.56665252553691,36.11832414159899,75.01498090947483,proxy,Deprivation-index-calibrated proxy (NOT PDHS-derived). See docs/LIMITATIONS.md.
RAWALPINDI DISTRICT,Punjab,5402380,618602.0,0.2522666138948593,60.40150719584595,39.26097967729987,81.54203471439203,proxy,Deprivation-index-calibrated proxy (NOT PDHS-derived). See docs/LIMITATIONS.md.
BHAKKAR DISTRICT,Punjab,1647852,223910.0,0.5188128852260859,74.83902522496176,48.64536639622514,101.03268405369838,proxy,Deprivation-index-calibrated proxy (NOT PDHS-derived). See docs/LIMITATIONS.md.
KHUSHAB DISTRICT,Punjab,1280372,151203.0,0.4453243276060573,74.69666083367613,48.55282954188949,100.84049212546279,proxy,Deprivation-index-calibrated proxy (NOT PDHS-derived). See docs/LIMITATIONS.md.
SARGODHA DISTRICT,Punjab,3696212,457522.0,0.3751937555767422,67.95032871648763,44.16771366571696,91.7329437672583,proxy,Deprivation-index-calibrated proxy (NOT PDHS-derived). See docs/LIMITATIONS.md.
MIANWALI DISTRICT,Punjab,1542601,196785.0,0.5314159600961427,81.92283505623699,53.24984278655405,110.59582732591994,proxy,Deprivation-index-calibrated proxy (NOT PDHS-derived). See docs/LIMITATIONS.md.
GUJRANWALA DISTRICT,Punjab,5011066,619496.0,0.2732476257444631,64.41715986863464,41.87115391461252,86.96316582265676,proxy,Deprivation-index-calibrated proxy (NOT PDHS-derived). See docs/LIMITATIONS.md.
GUJRAT DISTRICT,Punjab,2756289,323895.0,0.2805060983370112,60.62886408062137,39.408761652403896,81.84896650883884,proxy,Deprivation-index-calibrated proxy (NOT PDHS-derived). See docs/LIMITATIONS.md.
HAFIZABAD DISTRICT,Punjab,1156954,148005.0,0.4250830944879502,76.01407125067223,49.409146312936954,102.61899618840751,proxy,Deprivation-index-calibrated proxy (NOT PDHS-derived). See docs/LIMITATIONS.md.
MANDI BAHAUDDIN DISTRICT,Punjab,1594039,196009.0,0.2634832973116825,58.12101393432506,37.77865905731129,78.46336881133884,proxy,Deprivation-index-calibrated proxy (NOT PDHS-derived). See docs/LIMITATIONS.md.
NAROWAL DISTRICT,Punjab,1707575,231024.0,0.4482787248124875,75.3350995104609,48.967814681799595,101.70238433912222,proxy,Deprivation-index-calibrated proxy (NOT PDHS-derived). See docs/LIMITATIONS.md.
SIALKOT DISTRICT,Punjab,3894938,481850.0,0.3392180423993149,68.39168952995142,44.454598194468424,92.32878086543442,proxy,Deprivation-index-calibrated proxy (NOT PDHS-derived). See docs/LIMITATIONS.md.
LAHORE DISTRICT,Punjab,11119985,1304204.0,0.1668105826192401,39.535635937924454,25.698163359650895,53.373108516198016,proxy,Deprivation-index-calibrated proxy (NOT PDHS-derived). See docs/LIMITATIONS.md.
KASUR DISTRICT,Punjab,3454881,465054.0,0.4522802761702907,71.53545519355265,46.498045875809225,96.57286451129607,proxy,Deprivation-index-calibrated proxy (NOT PDHS-derived). See docs/LIMITATIONS.md.
NANKANA SAHIB DISTRICT,Punjab,1354986,173077.0,0.5640579715636144,80.01178952402378,52.00766319061546,108.0159158574321,proxy,Deprivation-index-calibrated proxy (NOT PDHS-derived). See docs/LIMITATIONS.md.
SHEIKHUPURA DISTRICT,Punjab,3460004,435178.0,0.2973815296695528,56.198456644164835,36.52899681870714,75.86791646962253,proxy,Deprivation-index-calibrated proxy (NOT PDHS-derived). See docs/LIMITATIONS.md.
FAISALABAD DISTRICT,Punjab,7882444,970053.0,0.3172473402574186,60.36045260384671,39.234294192500364,81.48661101519306,proxy,Deprivation-index-calibrated proxy (NOT PDHS-derived). See docs/LIMITATIONS.md.
CHINIOT DISTRICT,Punjab,1368659,188252.0,0.5142146119817771,89.13923892515251,57.940505301349134,120.33797254895589,proxy,Deprivation-index-calibrated proxy (NOT PDHS-derived). See docs/LIMITATIONS.md.
JHANG DISTRICT,Punjab,2742633,389915.0,0.3204490325871996,56.61591217350549,36.800342912778575,76.43148143423241,proxy,Deprivation-index-calibrated proxy (NOT PDHS-derived). See docs/LIMITATIONS.md.
TOBA TEK SINGH DISTRICT,Punjab,2191495,278080.0,0.3048836367204902,67.76479792277132,44.04711864980136,91.48247719574128,proxy,Deprivation-index-calibrated proxy (NOT PDHS-derived). See docs/LIMITATIONS.md.
SAHIWAL DISTRICT,Punjab,2513011,315224.0,0.5242186352043511,68.38046553568995,44.44730259819847,92.31362847318144,proxy,Deprivation-index-calibrated proxy (NOT PDHS-derived). See docs/LIMITATIONS.md.
OKARA DISTRICT,Punjab,3040826,408557.0,0.5077427584091287,76.14631225118025,49.49510296326716,102.79752153909334,proxy,Deprivation-index-calibrated proxy (NOT PDHS-derived). See docs/LIMITATIONS.md.
PAKPATTAN DISTRICT,Punjab,1824228,256381.0,0.6090078009475379,88.13777991356234,57.289556943815526,118.98600288330915,proxy,Deprivation-index-calibrated proxy (NOT PDHS-derived). See docs/LIMITATIONS.md.
BAHAWALNAGAR DISTRICT,Punjab,2975656,407080.0,0.4572513314807734,78.1180710194164,50.77674616262067,105.45939587621214,proxy,Deprivation-index-calibrated proxy (NOT PDHS-derived). See docs/LIMITATIONS.md.
BAHAWALPUR DISTRICT,Punjab,3669176,516921.0,0.5501386545266326,86.86352236766277,56.4612895389808,117.26575519634474,proxy,Deprivation-index-calibrated proxy (NOT PDHS-derived). See docs/LIMITATIONS.md.
RAHIM YAR KHAN DISTRICT,Punjab,4807762,695406.0,0.5980487738441459,91.49430296641947,59.471296928172656,123.51730900466629,proxy,Deprivation-index-calibrated proxy (NOT PDHS-derived). See docs/LIMITATIONS.md.
DERA GHAZI KHAN DISTRICT,Punjab,2872631,479059.0,0.7429178543747961,96.04208312087587,62.42735402856932,129.65681221318243,proxy,Deprivation-index-calibrated proxy (NOT PDHS-derived). See docs/LIMITATIONS.md.
RAJANPUR DISTRICT,Punjab,1996039,332441.0,0.8236704589619523,102.13339281195448,66.38670532777041,137.88008029613854,proxy,Deprivation-index-calibrated proxy (NOT PDHS-derived). See docs/LIMITATIONS.md.
LAYYAH DISTRICT,Punjab,1823995,267107.0,0.5762096692844034,90.07745387203052,58.55034501681984,121.60456272724119,proxy,Deprivation-index-calibrated proxy (NOT PDHS-derived). See docs/LIMITATIONS.md.
MUZAFFARGARH DISTRICT,Punjab,4328549,673900.0,0.5684940830604795,82.28652364125335,53.486240366814684,111.08680691569202,proxy,Deprivation-index-calibrated proxy (NOT PDHS-derived). See docs/LIMITATIONS.md.
MULTAN DISTRICT,Punjab,4746166,626135.0,0.4085865988369187,61.320589892747805,39.858383430286075,82.78279635520954,proxy,Deprivation-index-calibrated proxy (NOT PDHS-derived). See docs/LIMITATIONS.md.
KHANEWAL DISTRICT,Punjab,2920233,388512.0,0.5558497774318966,74.80627401679511,48.62407811091683,100.9884699226734,proxy,Deprivation-index-calibrated proxy (NOT PDHS-derived). See docs/LIMITATIONS.md.
LODHRAN DISTRICT,Punjab,1699693,239525.0,0.5752382626485436,77.90837277062283,50.640442300904844,105.17630324034081,proxy,Deprivation-index-calibrated proxy (NOT PDHS-derived). See docs/LIMITATIONS.md.
VEHARI DISTRICT,Punjab,2902081,403151.0,0.5494249900983198,85.34721320823036,55.47568858534973,115.21873783111099,proxy,Deprivation-index-calibrated proxy (NOT PDHS-derived). See docs/LIMITATIONS.md.
JACOBABAD DISTRICT,Sindh,1007009,173404.0,0.800683403400157,104.29198028460077,67.7897871849905,140.79417338421104,proxy,Deprivation-index-calibrated proxy (NOT PDHS-derived). See docs/LIMITATIONS.md.
KASHMORE DISTRICT,Sindh,1090336,177050.5,0.6147283539181596,92.21260648101197,59.938194212657784,124.48701874936617,proxy,Deprivation-index-calibrated proxy (NOT PDHS-derived). See docs/LIMITATIONS.md.
KAMBAR SHAHDAD KOT DISTRICT,Sindh,1338035,219914.0,0.7384291015898579,95.12655163035706,61.83225855973209,128.42084470098203,proxy,Deprivation-index-calibrated proxy (NOT PDHS-derived). See docs/LIMITATIONS.md.
LARKANA DISTRICT,Sindh,1521786,221400.0,0.5967300159497156,87.06551724535507,56.5925862094808,117.53844828122934,proxy,Deprivation-index-calibrated proxy (NOT PDHS-derived). See docs/LIMITATIONS.md.
SHIKARPUR DISTRICT,Sindh,1233760,206025.0,0.4387465054117199,76.81286362928167,49.92836135903308,103.69736589953024,proxy,Deprivation-index-calibrated proxy (NOT PDHS-derived). See docs/LIMITATIONS.md.
GHOTKI DISTRICT,Sindh,1648708,270196.0,0.7029944931495881,92.91637143792495,60.39564143465122,125.43710144119868,proxy,Deprivation-index-calibrated proxy (NOT PDHS-derived). See docs/LIMITATIONS.md.
KHAIRPUR DISTRICT,Sindh,2405190,386275.0,0.6078722566143557,90.0406094179182,58.52639612164684,121.55482271418957,proxy,Deprivation-index-calibrated proxy (NOT PDHS-derived). See docs/LIMITATIONS.md.
SUKKUR DISTRICT,Sindh,1488372,226757.0,0.6001549391221048,81.77746941643326,53.15535512068162,110.3995837121849,proxy,Deprivation-index-calibrated proxy (NOT PDHS-derived). See docs/LIMITATIONS.md.
BADIN DISTRICT,Sindh,1804958,289324.0,0.7687450730310981,98.13996104130842,63.79097467685048,132.48894740576637,proxy,Deprivation-index-calibrated proxy (NOT PDHS-derived). See docs/LIMITATIONS.md.
DADU DISTRICT,Sindh,1550390,232894.0,0.7309232207146357,94.79805207186297,61.61873384671093,127.977370297015,proxy,Deprivation-index-calibrated proxy (NOT PDHS-derived). See docs/LIMITATIONS.md.
HYDERABAD DISTRICT,Sindh,2199928,267218.0,0.4340889998882393,64.03125139080245,41.620313404021594,86.4421893775833,proxy,Deprivation-index-calibrated proxy (NOT PDHS-derived). See docs/LIMITATIONS.md.
JAMSHORO DISTRICT,Sindh,993908,140024.0,0.5554266366412944,85.78807297415956,55.76224743320372,115.8138985151154,proxy,Deprivation-index-calibrated proxy (NOT PDHS-derived). See docs/LIMITATIONS.md.
MATIARI DISTRICT,Sindh,770040,109988.0,0.7198879332261567,93.26393440115237,60.621557360749044,125.90631144155569,proxy,Deprivation-index-calibrated proxy (NOT PDHS-derived). See docs/LIMITATIONS.md.
SUJAWAL DISTRICT,Sindh,779062,121160.0,0.7723529381681936,101.0003557419523,65.650231232269,136.35048025163562,proxy,Deprivation-index-calibrated proxy (NOT PDHS-derived). See docs/LIMITATIONS.md.
TANDO ALLAHYAR DISTRICT,Sindh,838527,126763.0,0.4660319346125232,78.14718771293224,50.795672013405955,105.49870341245853,proxy,Deprivation-index-calibrated proxy (NOT PDHS-derived). See docs/LIMITATIONS.md.
TANDO MUHAMMAD KHAN DISTRICT,Sindh,677098,103215.0,0.6500581148332746,93.55674774813954,60.8118860362907,126.30160945998838,proxy,Deprivation-index-calibrated proxy (NOT PDHS-derived). See docs/LIMITATIONS.md.
THATTA DISTRICT,Sindh,982138,148104.0,0.7732844631514619,105.5191940991968,68.58747616447792,142.45091203391567,proxy,Deprivation-index-calibrated proxy (NOT PDHS-derived). See docs/LIMITATIONS.md.
KARACHI CENTRAL DISTRICT,Sindh,2971382,310378.0,0.0653184391827099,40.147762026173844,26.096045317013,54.19947873533469,proxy,Deprivation-index-calibrated proxy (NOT PDHS-derived). See docs/LIMITATIONS.md.
KARACHI EAST DISTRICT,Sindh,2875315,323085.0,0.037862076838796,35.605243999704996,23.143408599808247,48.067079399601745,proxy,Deprivation-index-calibrated proxy (NOT PDHS-derived). See docs/LIMITATIONS.md.
KARACHI SOUTH DISTRICT,Sindh,1769230,174872.0,0.2065406638004931,52.27926857918598,33.98152457647089,70.57701258190107,proxy,Deprivation-index-calibrated proxy (NOT PDHS-derived). See docs/LIMITATIONS.md.
KARACHI WEST DISTRICT,Sindh,3907065,503331.0,0.3084021432625008,50.00570401670554,32.503707610858605,67.50770042255249,proxy,Deprivation-index-calibrated proxy (NOT PDHS-derived). See docs/LIMITATIONS.md.
KORANGI DISTRICT,Sindh,2577556,288465.0,0.1982594949215342,42.277088246161,27.480107360004652,57.07406913231735,proxy,Deprivation-index-calibrated proxy (NOT PDHS-derived). See docs/LIMITATIONS.md.
MALIR DISTRICT,Sindh,1924346,251179.0,0.3905954612958043,59.471652836440995,38.65657434368665,80.28673132919533,proxy,Deprivation-index-calibrated proxy (NOT PDHS-derived). See docs/LIMITATIONS.md.
MIRPUR KHAS DISTRICT,Sindh,1504440,226755.0,0.7908105198113271,95.7030117465803,62.2069576352772,129.1990658578834,proxy,Deprivation-index-calibrated proxy (NOT PDHS-derived). See docs/LIMITATIONS.md.
THARPARKAR DISTRICT,Sindh,1647036,324617.0,0.8581487896297976,110.92650785055974,72.10223010286384,149.75078559825565,proxy,Deprivation-index-calibrated proxy (NOT PDHS-derived). See docs/LIMITATIONS.md.
UMER KOT DISTRICT,Sindh,1073469,183438.0,0.640911984508718,83.5856570971002,54.33067711311513,112.84063708108526,proxy,Deprivation-index-calibrated proxy (NOT PDHS-derived). See docs/LIMITATIONS.md.
SANGHAR DISTRICT,Sindh,2049873,306387.0,0.689837441280569,91.3300731316881,59.36454753559727,123.29559872777892,proxy,Deprivation-index-calibrated proxy (NOT PDHS-derived). See docs/LIMITATIONS.md.
NAUSHAHRO FEROZE DISTRICT,Sindh,1612047,241029.0,0.6062425315433737,95.63076359643959,62.15999633768574,129.10153085519346,proxy,Deprivation-index-calibrated proxy (NOT PDHS-derived). See docs/LIMITATIONS.md.
SHAHEED BENAZIRABAD DISTRICT,Sindh,1613506,243816.0,0.6511962643168935,88.19448345402584,57.3264142451168,119.06255266293488,proxy,Deprivation-index-calibrated proxy (NOT PDHS-derived). See docs/LIMITATIONS.md.
AWARAN DISTRICT,Balochistan,121821,19857.0,0.7626663746821003,105.10714370386229,68.31964340751048,141.8946440002141,proxy,Deprivation-index-calibrated proxy (NOT PDHS-derived). See docs/LIMITATIONS.md.
KALAT DISTRICT,Balochistan,412058,84152.0,0.8286132227504974,99.3489197000327,64.57679780502126,134.12104159504412,proxy,Deprivation-index-calibrated proxy (NOT PDHS-derived). See docs/LIMITATIONS.md.
KHARAN DISTRICT,Balochistan,162766,30095.0,0.7767000330614364,99.88792340702979,64.92715021456937,134.8486965994902,proxy,Deprivation-index-calibrated proxy (NOT PDHS-derived). See docs/LIMITATIONS.md.
KHUZDAR DISTRICT,Balochistan,798896,157774.0,0.791191773604351,96.05654677328546,62.436755402635555,129.67633814393537,proxy,Deprivation-index-calibrated proxy (NOT PDHS-derived). See docs/LIMITATIONS.md.
LASBELA DISTRICT,Balochistan,576271,89608.0,0.7763087952122173,98.94621866722223,64.31504213369445,133.57739520075,proxy,Deprivation-index-calibrated proxy (NOT PDHS-derived). See docs/LIMITATIONS.md.
MASTUNG DISTRICT,Balochistan,265676,46832.0,0.6817269340157406,98.92628071635582,64.30208246563129,133.55047896708035,proxy,Deprivation-index-calibrated proxy (NOT PDHS-derived). See docs/LIMITATIONS.md.
WASHUK DISTRICT,Balochistan,175712,36904.0,0.7653081725214412,88.57081177692211,57.57102765499938,119.57059589884486,proxy,Deprivation-index-calibrated proxy (NOT PDHS-derived). See docs/LIMITATIONS.md.
GWADAR DISTRICT,Balochistan,262253,34698.0,0.6818843341485576,96.17964516904681,62.51676935988043,129.8425209782132,proxy,Deprivation-index-calibrated proxy (NOT PDHS-derived). See docs/LIMITATIONS.md.
KECH DISTRICT,Balochistan,907182,115787.0,0.581748752522621,86.33064205058986,56.11491733288341,116.54636676829631,proxy,Deprivation-index-calibrated proxy (NOT PDHS-derived). See docs/LIMITATIONS.md.
PANJGUR DISTRICT,Balochistan,315353,62335.0,0.6173433082125751,83.69935748963827,54.40458236826488,112.99413261101166,proxy,Deprivation-index-calibrated proxy (NOT PDHS-derived). See docs/LIMITATIONS.md.
JAFFARABAD DISTRICT,Balochistan,513972,93998.0,0.6014286241943523,76.55363563698604,49.75986316404093,103.34740810993117,proxy,Deprivation-index-calibrated proxy (NOT PDHS-derived). See docs/LIMITATIONS.md.
JHAL MAGSI DISTRICT,Balochistan,148900,28548.0,0.8398973683034562,107.14715294855567,69.64564941656118,144.64865648055016,proxy,Deprivation-index-calibrated proxy (NOT PDHS-derived). See docs/LIMITATIONS.md.
KACHHI DISTRICT,Balochistan,309932,52850.0,0.7900454458842978,98.81870846883903,64.23216050474537,133.4052564329327,proxy,Deprivation-index-calibrated proxy (NOT PDHS-derived). See docs/LIMITATIONS.md.
NASIRABAD DISTRICT,Balochistan,487847,95524.0,0.8027754783580074,105.0835098879502,68.30428142716764,141.86273834873276,proxy,Deprivation-index-calibrated proxy (NOT PDHS-derived). See docs/LIMITATIONS.md.
SOHBATPUR DISTRICT,Balochistan,200426,40050.0,0.8452962605337987,107.26417272523987,69.72171227140592,144.80663317907383,proxy,Deprivation-index-calibrated proxy (NOT PDHS-derived). See docs/LIMITATIONS.md.
CHAGAI DISTRICT,Balochistan,226517,177050.5,0.7079023988236578,106.32919635130072,69.11397762834548,143.54441507425597,proxy,Deprivation-index-calibrated proxy (NOT PDHS-derived). See docs/LIMITATIONS.md.
KILLA ABDULLAH DISTRICT,Balochistan,758354,146256.0,0.6711482316073784,90.68537741011818,58.94549531657682,122.42525950365953,proxy,Deprivation-index-calibrated proxy (NOT PDHS-derived). See docs/LIMITATIONS.md.
NUSHKI DISTRICT,Balochistan,178947,29647.0,0.5205936150015102,72.55607031560727,47.16144570514473,97.95069492606981,proxy,Deprivation-index-calibrated proxy (NOT PDHS-derived). See docs/LIMITATIONS.md.
PISHIN DISTRICT,Balochistan,736903,137385.0,0.6474496805290284,91.51769315297794,59.48650054943566,123.54888575652022,proxy,Deprivation-index-calibrated proxy (NOT PDHS-derived). See docs/LIMITATIONS.md.
QUETTA DISTRICT,Balochistan,2269473,363210.0,0.5229157843117948,81.20921510781814,52.785989820081795,109.63244039555448,proxy,Deprivation-index-calibrated proxy (NOT PDHS-derived). See docs/LIMITATIONS.md.
DERA BUGTI DISTRICT,Balochistan,313110,74868.0,0.7757735224293676,110.4486209084388,71.79160359048522,149.1056382263924,proxy,Deprivation-index-calibrated proxy (NOT PDHS-derived). See docs/LIMITATIONS.md.
HARNAI DISTRICT,Balochistan,97052,16221.0,0.7055025619082966,100.91187022473193,65.59271564607576,136.2310248033881,proxy,Deprivation-index-calibrated proxy (NOT PDHS-derived). See docs/LIMITATIONS.md.
KOHLU DISTRICT,Balochistan,213933,38818.0,0.8105836716662821,106.59173128415823,69.28462533470285,143.89883723361362,proxy,Deprivation-index-calibrated proxy (NOT PDHS-derived). See docs/LIMITATIONS.md.
SIBI DISTRICT,Balochistan,179751,27830.0,0.5541091925440412,92.3151370168441,60.00483906094867,124.62543497273954,proxy,Deprivation-index-calibrated proxy (NOT PDHS-derived). See docs/LIMITATIONS.md.
ZIARAT DISTRICT,Balochistan,160095,27234.0,0.6687220049233726,84.02317763939887,54.61506546560926,113.43128981318847,proxy,Deprivation-index-calibrated proxy (NOT PDHS-derived). See docs/LIMITATIONS.md.
BARKHAN DISTRICT,Balochistan,171025,33216.0,0.7810736967699037,97.30634979305111,63.249127365483226,131.363572220619,proxy,Deprivation-index-calibrated proxy (NOT PDHS-derived). See docs/LIMITATIONS.md.
KILLA SAIFULLAH DISTRICT,Balochistan,342932,69522.0,0.704015386670995,88.80598745578459,57.72389184625999,119.88808306530919,proxy,Deprivation-index-calibrated proxy (NOT PDHS-derived). See docs/LIMITATIONS.md.
LORALAI DISTRICT,Balochistan,397423,71625.0,0.7392593622384075,95.451735119113,62.04362782742345,128.85984241080254,proxy,Deprivation-index-calibrated proxy (NOT PDHS-derived). See docs/LIMITATIONS.md.
MUSAKHEL DISTRICT,Balochistan,167243,36060.0,0.8348622697706779,96.8672231174323,62.963695026331,130.7707512085336,proxy,Deprivation-index-calibrated proxy (NOT PDHS-derived). See docs/LIMITATIONS.md.
SHERANI DISTRICT,Balochistan,152952,36394.0,0.8415193519600133,111.11356734524665,72.22381877441032,150.00331591608298,proxy,Deprivation-index-calibrated proxy (NOT PDHS-derived). See docs/LIMITATIONS.md.
ZHOB DISTRICT,Balochistan,310354,60914.0,0.7292578289729489,95.74119711273659,62.23177812327878,129.25061610219439,proxy,Deprivation-index-calibrated proxy (NOT PDHS-derived). See docs/LIMITATIONS.md.
ISLAMABAD DISTRICT,Federal Capital Territory,2003368,235270.0,0.2237894364638153,44.28601528711381,28.78590993662398,59.786120637603645,proxy,Deprivation-index-calibrated proxy (NOT PDHS-derived). See docs/LIMITATIONS.md.
