district_key,u5mr_posterior_mean,u5mr_ci_lower95,u5mr_ci_upper95,u5mr_posterior_sd,province,had_direct_data,n_births_direct,ci_width,run_mode,model_version
BANNU DISTRICT,46.71328276444174,14.62436599166646,101.89577873448935,23.136253586497322,Khyber Pakhtunkhwa,True,278,87.27141274282289,normal,hazard_v1_censoring_corrected
LAKKI MARWAT DISTRICT,29.090578341456023,8.38840216744244,66.54706431965465,14.965682582424284,Khyber Pakhtunkhwa,True,316,58.158662152212216,normal,hazard_v1_censoring_corrected
DERA ISMAIL KHAN DISTRICT,87.69888215484943,47.446856399963636,140.4390465030445,24.304482814612328,Khyber Pakhtunkhwa,True,818,92.99219010308086,normal,hazard_v1_censoring_corrected
TANK DISTRICT,48.91624557240936,12.727943693359995,115.47902838274098,26.92314753324312,Khyber Pakhtunkhwa,True,446,102.75108468938099,normal,hazard_v1_censoring_corrected
ABBOTTABAD DISTRICT,33.372516665715,8.370403768954935,82.15633494311864,19.645948371294534,Khyber Pakhtunkhwa,True,401,73.78593117416371,normal,hazard_v1_censoring_corrected
BATAGRAM DISTRICT,29.069020639759458,6.145950940995312,77.29910908934353,19.195416296849054,Khyber Pakhtunkhwa,True,157,71.15315814834823,normal,hazard_v1_censoring_corrected
HARIPUR DISTRICT,87.11379418341036,42.35053159185483,148.53176921921158,27.41767290435139,Khyber Pakhtunkhwa,True,394,106.18123762735675,normal,hazard_v1_censoring_corrected
MANSEHRA DISTRICT,16.695686603829227,4.037077017350057,40.83664591992854,9.875353239972478,Khyber Pakhtunkhwa,True,359,36.799568902578486,normal,hazard_v1_censoring_corrected
TORGHAR DISTRICT,56.38141396493424,12.578527021370824,151.69068996060943,36.5134651898118,Khyber Pakhtunkhwa,True,192,139.1121629392386,normal,hazard_v1_censoring_corrected
KOHISTAN DISTRICT,37.65601905886041,6.0029308419184355,124.10847036110148,33.18767156897478,Khyber Pakhtunkhwa,False,0,118.10553951918304,normal,hazard_v1_censoring_corrected
HANGU DISTRICT,49.012599324574445,8.475160737486203,148.29003291633575,37.7897425985678,Khyber Pakhtunkhwa,True,179,139.81487217884955,normal,hazard_v1_censoring_corrected
KARAK DISTRICT,42.76743790632083,10.666774109635,107.90373094516298,25.780014375769053,Khyber Pakhtunkhwa,True,186,97.23695683552798,normal,hazard_v1_censoring_corrected
KOHAT DISTRICT,31.034223695538163,11.000315472041422,62.93137263263466,13.55422257302098,Khyber Pakhtunkhwa,True,558,51.93105716059324,normal,hazard_v1_censoring_corrected
MARDAN DISTRICT,41.996522832990244,15.203591571793893,83.85278053376447,17.776929577158977,Khyber Pakhtunkhwa,True,642,68.64918896197058,normal,hazard_v1_censoring_corrected
SWABI DISTRICT,34.24275858640182,11.895417678000447,70.51115193967527,15.250416995094024,Khyber Pakhtunkhwa,True,538,58.615734261674824,normal,hazard_v1_censoring_corrected
CHARSADDA DISTRICT,30.999310065321982,9.477806456215726,68.60266280467104,15.314784365358328,Khyber Pakhtunkhwa,True,453,59.12485634845532,normal,hazard_v1_censoring_corrected
NOWSHERA DISTRICT,35.132876389794355,14.398045396732655,66.15631808843081,13.54615779594656,Khyber Pakhtunkhwa,True,861,51.75827269169815,normal,hazard_v1_censoring_corrected
PESHAWAR DISTRICT,53.3263837690992,26.52342016391529,91.45141628638281,16.62894641800192,Khyber Pakhtunkhwa,True,2955,64.92799612246752,normal,hazard_v1_censoring_corrected
BUNER DISTRICT,40.66018184769085,11.605216088551476,95.31950013007167,21.54184877394315,Khyber Pakhtunkhwa,True,182,83.7142840415202,normal,hazard_v1_censoring_corrected
CHITRAL DISTRICT,35.7281303680093,6.785930386179059,97.65381563838835,24.259469566464663,Khyber Pakhtunkhwa,True,192,90.86788525220929,normal,hazard_v1_censoring_corrected
SHANGLA DISTRICT,45.68520201215873,13.243391287078635,103.77927276770451,23.79103528203758,Khyber Pakhtunkhwa,True,162,90.53588148062587,normal,hazard_v1_censoring_corrected
SWAT DISTRICT,29.00998840782961,7.476383690226151,69.82728605114492,16.302768325066214,Khyber Pakhtunkhwa,True,809,62.350902360918774,normal,hazard_v1_censoring_corrected
LOWER DIR DISTRICT,51.97231636987564,15.84615700717251,117.35872230043562,26.449847561572597,Khyber Pakhtunkhwa,True,366,101.51256529326311,normal,hazard_v1_censoring_corrected
UPPER DIR DISTRICT,45.21361765872478,13.161344979555322,102.71135309849784,23.329438038509387,Khyber Pakhtunkhwa,True,348,89.55000811894251,normal,hazard_v1_censoring_corrected
MALAKAND PROTECTED AREA DISTRICT,24.434976304131222,4.987534112953551,64.5298908795685,15.98653706160858,Khyber Pakhtunkhwa,True,334,59.542356766614944,normal,hazard_v1_censoring_corrected
KHYBER AGENCY DISTRICT,16.483111147796834,1.767572253878258,52.908501229042535,13.616921623458172,Fata,True,1113,51.14092897516428,normal,hazard_v1_censoring_corrected
KURRAM AGENCY DISTRICT,16.721244400329514,1.481229062109679,58.63231649111723,15.548631819167339,Fata,True,791,57.15108742900755,normal,hazard_v1_censoring_corrected
MOHMAND AGENCY DISTRICT,19.080413298355587,1.720527168464836,65.0306123396701,16.93936035041192,Fata,True,545,63.310085171205266,normal,hazard_v1_censoring_corrected
NORTH WAZIRISTAN AGENCY DISTRICT,17.042593198321153,1.742743269391092,53.19497277134751,14.222295290119275,Fata,True,1071,51.45222950195642,normal,hazard_v1_censoring_corrected
ORAKZAI AGENCY DISTRICT,29.680091715240142,2.097800639205938,116.95323150711197,31.86834425890353,Fata,True,110,114.85543086790602,normal,hazard_v1_censoring_corrected
SOUTH WAZIRISTAN A DISTRICT,19.93252383545251,1.9305021180180626,66.28243007421925,17.527244542443928,Fata,True,473,64.35192795620118,normal,hazard_v1_censoring_corrected
BAJAUR AGENCY DISTRICT,18.42387329788722,2.3757287617967857,53.288465643603594,13.689854638331278,Fata,True,605,50.91273688180681,normal,hazard_v1_censoring_corrected
FR BANNU DISTRICT,28.433619912510554,2.0502803543673895,112.32135303692164,30.10337135391123,Fata,True,656,110.27107268255425,normal,hazard_v1_censoring_corrected
FR D.I.KHAN DISTRICT,31.111196358188753,2.161017987351796,120.54046173816688,35.367546662242965,Fata,False,0,118.37944375081508,normal,hazard_v1_censoring_corrected
FR KOHAT DISTRICT,26.394949834555426,1.889691736620619,108.37418994540346,29.423070106334364,Fata,False,0,106.48449820878284,normal,hazard_v1_censoring_corrected
FR LAKKI MARWAT DISTRICT,26.8710210823153,1.937558195787048,108.796213813812,31.147503682203276,Fata,False,0,106.85865561802495,normal,hazard_v1_censoring_corrected
FR PESHAWAR DISTRICT,26.738343303735626,1.8505598652750643,104.78658109502527,29.572649484730828,Fata,False,0,102.93602122975021,normal,hazard_v1_censoring_corrected
FR TANK DISTRICT,22.654955691018994,1.7866779575136105,82.67125652072853,22.59024840218464,Fata,True,204,80.88457856321493,normal,hazard_v1_censoring_corrected
ATTOCK DISTRICT,31.8719319692415,6.987509718528551,84.72202504047029,20.465751173066348,Punjab,True,365,77.73451532194173,normal,hazard_v1_censoring_corrected
CHAKWAL DISTRICT,57.57329229082216,16.307012144888002,131.11522283818005,29.64736835721883,Punjab,True,255,114.80821069329204,normal,hazard_v1_censoring_corrected
JHELUM DISTRICT,27.45108940426339,6.655008278795027,67.82295736141026,16.150129383561392,Punjab,True,147,61.16794908261524,normal,hazard_v1_censoring_corrected
RAWALPINDI DISTRICT,39.93625904091192,19.726561569106156,68.36435738439091,12.451429140818556,Punjab,True,670,48.63779581528476,normal,hazard_v1_censoring_corrected
BHAKKAR DISTRICT,152.6482852244464,99.73137399451939,218.38627623295804,30.060238021943206,Punjab,True,403,118.65490223843865,normal,hazard_v1_censoring_corrected
KHUSHAB DISTRICT,24.04822032980846,6.1405381761403035,57.784251158778794,13.442437852806922,Punjab,True,221,51.64371298263849,normal,hazard_v1_censoring_corrected
SARGODHA DISTRICT,76.0181444165191,44.27487224662775,114.56668555370972,18.163262677796702,Punjab,True,544,70.29181330708197,normal,hazard_v1_censoring_corrected
MIANWALI DISTRICT,58.231965346853315,23.717750955936832,109.82518376512593,22.31893599688863,Punjab,True,254,86.10743280918909,normal,hazard_v1_censoring_corrected
GUJRANWALA DISTRICT,53.04987234426206,30.82411387779128,81.57222847651936,13.026793108557927,Punjab,True,633,50.74811459872808,normal,hazard_v1_censoring_corrected
GUJRAT DISTRICT,29.726903899002366,14.285758131348102,50.9337999132192,9.43855383949257,Punjab,True,796,36.64804178187109,normal,hazard_v1_censoring_corrected
HAFIZABAD DISTRICT,64.55204256441408,22.342544559267157,132.40032537071482,29.50199732704231,Punjab,True,314,110.05778081144767,normal,hazard_v1_censoring_corrected
MANDI BAHAUDDIN DISTRICT,58.335025695746296,8.812117153690622,190.27676835904043,49.95199522961216,Punjab,False,0,181.4646512053498,normal,hazard_v1_censoring_corrected
NAROWAL DISTRICT,46.88558947840695,14.184593129444972,103.0060942139482,23.073278601840055,Punjab,True,243,88.82150108450323,normal,hazard_v1_censoring_corrected
SIALKOT DISTRICT,24.67694811843327,10.369564028531604,45.38446585673931,9.097274937016154,Punjab,True,566,35.014901828207705,normal,hazard_v1_censoring_corrected
LAHORE DISTRICT,75.18965166699336,50.669257701592265,104.72430505250732,13.766302420623024,Punjab,True,1108,54.05504735091505,normal,hazard_v1_censoring_corrected
KASUR DISTRICT,74.90861228325362,40.94960751597122,120.49993496027795,20.225272461507615,Punjab,True,524,79.55032744430673,normal,hazard_v1_censoring_corrected
NANKANA SAHIB DISTRICT,28.21519329263629,6.655182431420423,69.21890296907722,16.625444162340084,Punjab,True,136,62.5637205376568,normal,hazard_v1_censoring_corrected
SHEIKHUPURA DISTRICT,19.923282833856824,5.257488737733204,45.00040909970984,10.459790062520078,Punjab,True,294,39.74292036197664,normal,hazard_v1_censoring_corrected
FAISALABAD DISTRICT,71.6224283741143,45.35862616751955,103.60791887528312,14.916736838788971,Punjab,True,916,58.249292707763566,normal,hazard_v1_censoring_corrected
CHINIOT DISTRICT,79.03462107600919,32.00428331167051,151.75569217814007,31.67619662438554,Punjab,True,339,119.75140886646955,normal,hazard_v1_censoring_corrected
JHANG DISTRICT,37.355467863967,16.35629203465048,67.8708150550646,13.39372875216211,Punjab,True,463,51.51452302041412,normal,hazard_v1_censoring_corrected
TOBA TEK SINGH DISTRICT,109.56100994237205,64.21867085749882,165.27738346524524,25.89152143711536,Punjab,True,403,101.05871260774641,normal,hazard_v1_censoring_corrected
SAHIWAL DISTRICT,116.30443351480413,75.04203061089864,166.4094289577345,23.386549520112034,Punjab,True,446,91.36739834683586,normal,hazard_v1_censoring_corrected
OKARA DISTRICT,29.577730088761726,10.199018774570451,60.662540236161995,12.857663887831169,Punjab,True,306,50.46352146159154,normal,hazard_v1_censoring_corrected
PAKPATTAN DISTRICT,67.41903460949277,22.956652905697762,138.75834717884723,30.572385219147613,Punjab,True,246,115.80169427314947,normal,hazard_v1_censoring_corrected
BAHAWALNAGAR DISTRICT,64.75115895988964,25.132821475079677,126.25922388418071,25.68349455382104,Punjab,True,388,101.12640240910103,normal,hazard_v1_censoring_corrected
BAHAWALPUR DISTRICT,107.32708093724266,70.39409947845657,151.79947431141812,20.9788722786191,Punjab,True,641,81.40537483296156,normal,hazard_v1_censoring_corrected
RAHIM YAR KHAN DISTRICT,113.47696629199467,80.39464273781755,153.31483478584647,18.43598078600019,Punjab,True,823,72.92019204802892,normal,hazard_v1_censoring_corrected
DERA GHAZI KHAN DISTRICT,73.29812777644949,38.22044196552152,118.75178871926389,20.759955024158717,Punjab,True,336,80.53134675374235,normal,hazard_v1_censoring_corrected
RAJANPUR DISTRICT,73.46245028038327,23.470699167520824,154.5872220625054,33.544354745260854,Punjab,True,168,131.11652289498457,normal,hazard_v1_censoring_corrected
LAYYAH DISTRICT,85.84067391453816,40.981939125069076,147.15721621265718,27.247677280501595,Punjab,True,373,106.1752770875881,normal,hazard_v1_censoring_corrected
MUZAFFARGARH DISTRICT,67.25205387066264,37.60527341079662,106.85394724610744,17.62988337231742,Punjab,True,477,69.24867383531083,normal,hazard_v1_censoring_corrected
MULTAN DISTRICT,58.132281243178255,30.590061551296923,93.57960764257204,16.36311940630547,Punjab,True,655,62.989546091275116,normal,hazard_v1_censoring_corrected
KHANEWAL DISTRICT,101.70555430883155,61.62565546511482,150.68997633694642,22.73327973669877,Punjab,True,422,89.0643208718316,normal,hazard_v1_censoring_corrected
LODHRAN DISTRICT,32.99554907859789,8.590638628518207,77.39261847780514,18.02492219530402,Punjab,True,198,68.80197984928694,normal,hazard_v1_censoring_corrected
VEHARI DISTRICT,98.24471242479137,54.50335327530061,155.7034633851568,26.244971620771828,Punjab,True,339,101.20011010985618,normal,hazard_v1_censoring_corrected
JACOBABAD DISTRICT,85.88197548586159,32.370840826576156,169.1684964736303,35.82540383847357,Sindh,True,315,136.79765564705417,normal,hazard_v1_censoring_corrected
KASHMORE DISTRICT,64.26165589443576,29.27528072769702,114.50137300190593,22.17362904794825,Sindh,True,497,85.22609227420891,normal,hazard_v1_censoring_corrected
KAMBAR SHAHDAD KOT DISTRICT,66.65100918454083,29.166344411964587,121.58700898787876,24.09777790495184,Sindh,True,551,92.42066457591417,normal,hazard_v1_censoring_corrected
LARKANA DISTRICT,27.14307988881888,7.014670881218943,63.7077280477353,15.088329777877032,Sindh,True,508,56.69305716651636,normal,hazard_v1_censoring_corrected
SHIKARPUR DISTRICT,48.24783038624695,11.746883401539609,123.97235993457217,29.326116427961665,Sindh,True,150,112.22547653303256,normal,hazard_v1_censoring_corrected
GHOTKI DISTRICT,114.58001747593097,64.37682644938599,178.47232140949313,29.616369995626066,Sindh,True,476,114.09549496010715,normal,hazard_v1_censoring_corrected
KHAIRPUR DISTRICT,82.65646709308778,44.49490885007384,131.95000037396952,22.831495555135824,Sindh,True,818,87.45509152389567,normal,hazard_v1_censoring_corrected
SUKKUR DISTRICT,66.10487631587146,30.56272356323976,118.52758293035139,22.661153690697873,Sindh,True,343,87.96485936711163,normal,hazard_v1_censoring_corrected
BADIN DISTRICT,115.44866715603594,69.83950340833458,171.7084270889725,26.031012377171496,Sindh,True,460,101.86892368063793,normal,hazard_v1_censoring_corrected
DADU DISTRICT,29.42765489231589,8.32080735259025,65.55389587708672,15.031528711812353,Sindh,True,334,57.233088524496466,normal,hazard_v1_censoring_corrected
HYDERABAD DISTRICT,39.362514412964856,10.4372009116137,93.93432076701315,21.717472241219287,Sindh,True,350,83.49711985539945,normal,hazard_v1_censoring_corrected
JAMSHORO DISTRICT,32.015224529974674,8.424312055196264,76.51215940769512,18.163532373322727,Sindh,True,204,68.08784735249886,normal,hazard_v1_censoring_corrected
MATIARI DISTRICT,41.42257963896069,10.557203677601297,103.58237527198659,23.74028192671249,Sindh,True,142,93.0251715943853,normal,hazard_v1_censoring_corrected
SUJAWAL DISTRICT,33.808901495488165,6.882845907962623,91.99977492437608,22.75170676850247,Sindh,True,468,85.11692901641347,normal,hazard_v1_censoring_corrected
TANDO ALLAHYAR DISTRICT,34.919541237651515,7.266350074546918,95.31695501806819,23.663899208530218,Sindh,True,212,88.05060494352126,normal,hazard_v1_censoring_corrected
TANDO MUHAMMAD KHAN DISTRICT,42.609410226076804,10.080257860910136,108.74280065587362,25.576243626294136,Sindh,True,200,98.66254279496349,normal,hazard_v1_censoring_corrected
THATTA DISTRICT,35.52998577426209,9.295972093316971,85.50813541752181,19.776111701698817,Sindh,True,420,76.21216332420484,normal,hazard_v1_censoring_corrected
KARACHI CENTRAL DISTRICT,22.045052476651186,6.110789209999931,51.233539037685375,11.75965405578095,Sindh,True,723,45.122749827685446,normal,hazard_v1_censoring_corrected
KARACHI EAST DISTRICT,30.2679316347362,6.6012000009622875,77.68607206306955,19.044327805131747,Sindh,True,312,71.08487206210725,normal,hazard_v1_censoring_corrected
KARACHI SOUTH DISTRICT,67.12446723079623,32.17410572379872,116.63065803373645,21.720327773678314,Sindh,True,587,84.45655230993773,normal,hazard_v1_censoring_corrected
KARACHI WEST DISTRICT,38.62033664659272,17.090679402311515,68.97700401888194,13.42490335672634,Sindh,True,1149,51.88632461657043,normal,hazard_v1_censoring_corrected
KORANGI DISTRICT,14.106357201288473,3.5702017963606476,33.923133068784566,7.888919295502378,Sindh,True,519,30.352931272423916,normal,hazard_v1_censoring_corrected
MALIR DISTRICT,30.16592313640856,10.38943648711014,62.09036584063064,13.470458924294473,Sindh,True,833,51.7009293535205,normal,hazard_v1_censoring_corrected
MIRPUR KHAS DISTRICT,51.012551251212656,16.89120308150175,107.02030497517227,23.695307913718523,Sindh,True,252,90.12910189367051,normal,hazard_v1_censoring_corrected
THARPARKAR DISTRICT,34.95351250888215,10.785509754076312,77.06943259700002,17.110547721061533,Sindh,True,370,66.2839228429237,normal,hazard_v1_censoring_corrected
UMER KOT DISTRICT,30.06338213075996,6.660665704905461,76.44998599500158,18.322302864974947,Sindh,True,245,69.78932029009613,normal,hazard_v1_censoring_corrected
SANGHAR DISTRICT,22.354919676715653,5.09601885239587,54.21083663050721,12.988963894140763,Sindh,True,398,49.11481777811134,normal,hazard_v1_censoring_corrected
NAUSHAHRO FEROZE DISTRICT,38.02673311796857,14.474371959394102,74.93916948228467,15.621619167867063,Sindh,True,469,60.464797522890564,normal,hazard_v1_censoring_corrected
SHAHEED BENAZIRABAD DISTRICT,99.44925161614232,55.340603622820346,157.83643097117567,26.564410981191898,Sindh,True,452,102.49582734835533,normal,hazard_v1_censoring_corrected
AWARAN DISTRICT,45.76369299629501,7.413532962170363,150.01539560228247,37.18961801402952,Balochistan,True,132,142.6018626401121,normal,hazard_v1_censoring_corrected
KALAT DISTRICT,51.20194893538632,11.221586407005935,132.73055588758072,33.08575866287689,Balochistan,True,581,121.50896948057479,normal,hazard_v1_censoring_corrected
KHARAN DISTRICT,50.88335398710843,8.943867173334217,156.9815506510478,38.83435171814705,Balochistan,True,175,148.03768347771359,normal,hazard_v1_censoring_corrected
KHUZDAR DISTRICT,43.58150470926948,12.98198893000427,98.2231910065729,22.23837611396916,Balochistan,True,1044,85.24120207656864,normal,hazard_v1_censoring_corrected
LASBELA DISTRICT,41.92446067252753,11.377623760983212,96.88950893209002,22.233474349616372,Balochistan,True,617,85.51188517110681,normal,hazard_v1_censoring_corrected
MASTUNG DISTRICT,46.76984110478711,11.430780354934399,119.47174690793028,28.032578360611986,Balochistan,True,541,108.04096655299588,normal,hazard_v1_censoring_corrected
WASHUK DISTRICT,53.99589104882189,9.838673964609205,155.44689501840134,39.729718497070195,Balochistan,True,214,145.60822105379214,normal,hazard_v1_censoring_corrected
GWADAR DISTRICT,46.80002011890859,8.484984358076263,138.93462186739572,35.19787748212148,Balochistan,True,420,130.44963750931944,normal,hazard_v1_censoring_corrected
KECH DISTRICT,43.29478053654819,8.582770107447695,121.63705483731107,30.140738131296526,Balochistan,True,354,113.05428472986337,normal,hazard_v1_censoring_corrected
PANJGUR DISTRICT,67.26865255542039,10.574513707162515,212.25532397031378,54.73939328544457,Balochistan,False,0,201.68081026315127,normal,hazard_v1_censoring_corrected
JAFFARABAD DISTRICT,40.488747133410584,8.761812497932194,106.95189132018149,26.283491079893206,Balochistan,True,205,98.19007882224929,normal,hazard_v1_censoring_corrected
JHAL MAGSI DISTRICT,40.4870650493078,7.164854516503638,120.99106010428255,30.617699696215514,Balochistan,True,135,113.82620558777892,normal,hazard_v1_censoring_corrected
KACHHI DISTRICT,39.525305046527976,7.235959199525685,120.4926925525802,29.872574494886628,Balochistan,True,156,113.25673335305451,normal,hazard_v1_censoring_corrected
NASIRABAD DISTRICT,48.22514307563523,11.599178645119789,121.51654325815392,29.012652481686374,Balochistan,True,363,109.91736461303412,normal,hazard_v1_censoring_corrected
SOHBATPUR DISTRICT,48.82042024543174,8.793939367121093,145.0705042739493,35.89192592782648,Balochistan,True,108,136.2765649068282,normal,hazard_v1_censoring_corrected
CHAGAI DISTRICT,54.30696583139607,8.178455514896378,187.1769016858294,47.31170146770413,Balochistan,False,0,178.99844617093302,normal,hazard_v1_censoring_corrected
KILLA ABDULLAH DISTRICT,58.77067160700132,18.789360451520295,126.20061632864395,27.88835286877142,Balochistan,True,225,107.41125587712365,normal,hazard_v1_censoring_corrected
NUSHKI DISTRICT,57.57110430641794,9.217464523176469,185.24128285806617,48.76803075871165,Balochistan,False,0,176.0238183348897,normal,hazard_v1_censoring_corrected
PISHIN DISTRICT,50.763054885967584,9.034418083056147,142.0071921907701,35.5037826015192,Balochistan,True,225,132.97277410771395,normal,hazard_v1_censoring_corrected
QUETTA DISTRICT,43.943007254281525,15.373626277677996,89.20512380078054,19.071297974590582,Balochistan,True,1028,73.83149752310254,normal,hazard_v1_censoring_corrected
DERA BUGTI DISTRICT,49.673053039679836,9.23776762866734,144.90504181617476,36.72652059700548,Balochistan,True,359,135.66727418750742,normal,hazard_v1_censoring_corrected
HARNAI DISTRICT,66.03980925380806,10.590243208874154,205.99474019468812,53.99310513603147,Balochistan,False,0,195.40449698581398,normal,hazard_v1_censoring_corrected
KOHLU DISTRICT,34.458516110656824,6.0051146767710755,97.96515912060937,24.77242055079346,Balochistan,True,282,91.9600444438383,normal,hazard_v1_censoring_corrected
SIBI DISTRICT,53.08518018546559,8.479528142301834,161.3557324527629,40.97078614158492,Balochistan,True,129,152.87620431046108,normal,hazard_v1_censoring_corrected
ZIARAT DISTRICT,66.68409214579385,10.759981008453428,216.60631893830382,56.12725749690084,Balochistan,False,0,205.8463379298504,normal,hazard_v1_censoring_corrected
BARKHAN DISTRICT,54.35325872035406,9.105298776300904,174.80702475778986,45.25252210935265,Balochistan,False,0,165.70172598148895,normal,hazard_v1_censoring_corrected
KILLA SAIFULLAH DISTRICT,28.337474405805988,6.417818600182196,71.7963757153168,17.27084221723097,Balochistan,True,401,65.3785571151346,normal,hazard_v1_censoring_corrected
LORALAI DISTRICT,221.89709335239658,123.36158306428425,348.2703310587724,58.55615991713953,Balochistan,True,360,224.90874799448815,normal,hazard_v1_censoring_corrected
MUSAKHEL DISTRICT,59.55620759961499,9.057192368826657,192.02245139873642,49.66768148905577,Balochistan,False,0,182.96525902990976,normal,hazard_v1_censoring_corrected
SHERANI DISTRICT,52.835671730549365,9.110228648729144,163.5861800970863,40.757380977649966,Balochistan,True,89,154.47595144835716,normal,hazard_v1_censoring_corrected
ZHOB DISTRICT,247.62402128939578,117.88885746204333,420.2474000344176,78.38384761678957,Balochistan,True,269,302.35854257237423,normal,hazard_v1_censoring_corrected
ISLAMABAD DISTRICT,26.81250663793633,5.132811411537236,67.18387459819971,16.501953024913476,Federal Capital Territory,True,4435,62.051063186662475,normal,hazard_v1_censoring_corrected
