district_key,segment_idx,weighted_events,ppc_mean,ppc_lower95,ppc_upper95,observed_within_ppc_interval
BANNU DISTRICT,0,3.8469510000000002,1.7103333333333333,0.0,6.0,True
BANNU DISTRICT,1,0.0,0.2305,0.0,2.0,True
BANNU DISTRICT,2,0.0,0.112,0.0,1.0,True
BANNU DISTRICT,3,0.0,0.21683333333333332,0.0,1.0,True
BANNU DISTRICT,4,0.0,0.07483333333333334,0.0,1.0,True
BANNU DISTRICT,5,0.0,0.027833333333333335,0.0,1.0,True
BANNU DISTRICT,6,0.0,0.019,0.0,0.0,True
BANNU DISTRICT,7,0.0,0.0036666666666666666,0.0,0.0,True
LAKKI MARWAT DISTRICT,0,0.0,1.4496666666666667,0.0,5.0,True
LAKKI MARWAT DISTRICT,1,0.0,0.22566666666666665,0.0,2.0,True
LAKKI MARWAT DISTRICT,2,2.404285,0.12083333333333333,0.0,1.0,False
LAKKI MARWAT DISTRICT,3,0.0,0.23583333333333334,0.0,2.0,True
LAKKI MARWAT DISTRICT,4,0.0,0.0895,0.0,1.0,True
LAKKI MARWAT DISTRICT,5,0.0,0.035666666666666666,0.0,1.0,True
LAKKI MARWAT DISTRICT,6,0.0,0.030666666666666665,0.0,1.0,True
LAKKI MARWAT DISTRICT,7,0.0,0.004333333333333333,0.0,0.0,True
DERA ISMAIL KHAN DISTRICT,0,11.491416000000001,7.2075,2.0,15.0,True
DERA ISMAIL KHAN DISTRICT,1,1.170371,0.9898333333333333,0.0,3.0,True
DERA ISMAIL KHAN DISTRICT,2,0.0,0.5018333333333334,0.0,2.0,True
DERA ISMAIL KHAN DISTRICT,3,0.220356,0.9711666666666666,0.0,4.0,True
DERA ISMAIL KHAN DISTRICT,4,0.0,0.36866666666666664,0.0,2.0,True
DERA ISMAIL KHAN DISTRICT,5,0.0,0.16633333333333333,0.0,1.0,True
DERA ISMAIL KHAN DISTRICT,6,0.0,0.12883333333333333,0.0,1.0,True
DERA ISMAIL KHAN DISTRICT,7,0.0,0.027666666666666666,0.0,1.0,True
TANK DISTRICT,0,2.9326499999999998,1.1671666666666667,0.0,4.0,True
TANK DISTRICT,1,0.0,0.15933333333333333,0.0,1.0,True
TANK DISTRICT,2,0.0,0.0865,0.0,1.0,True
TANK DISTRICT,3,0.58653,0.14216666666666666,0.0,1.0,True
TANK DISTRICT,4,0.0,0.050333333333333334,0.0,1.0,True
TANK DISTRICT,5,0.0,0.020166666666666666,0.0,0.0,True
TANK DISTRICT,6,0.0,0.0185,0.0,0.0,True
TANK DISTRICT,7,0.0,0.004833333333333334,0.0,0.0,True
ABBOTTABAD DISTRICT,0,1.2642289999999998,0.785,0.0,3.0,True
ABBOTTABAD DISTRICT,1,0.0,0.10783333333333334,0.0,1.0,True
ABBOTTABAD DISTRICT,2,0.927877,0.06133333333333333,0.0,1.0,True
ABBOTTABAD DISTRICT,3,0.0,0.11333333333333333,0.0,1.0,True
ABBOTTABAD DISTRICT,4,0.0,0.0465,0.0,1.0,True
ABBOTTABAD DISTRICT,5,0.0,0.0175,0.0,0.0,True
ABBOTTABAD DISTRICT,6,0.0,0.0145,0.0,0.0,True
ABBOTTABAD DISTRICT,7,0.0,0.0023333333333333335,0.0,0.0,True
BATAGRAM DISTRICT,0,0.913596,0.4668333333333333,0.0,2.0,True
BATAGRAM DISTRICT,1,0.913596,0.056666666666666664,0.0,1.0,True
BATAGRAM DISTRICT,2,0.0,0.03,0.0,1.0,True
BATAGRAM DISTRICT,3,0.0,0.06,0.0,1.0,True
BATAGRAM DISTRICT,4,0.0,0.020666666666666667,0.0,0.0,True
BATAGRAM DISTRICT,5,0.0,0.009333333333333334,0.0,0.0,True
BATAGRAM DISTRICT,6,0.0,0.0095,0.0,0.0,True
BATAGRAM DISTRICT,7,0.0,0.0026666666666666666,0.0,0.0,True
HARIPUR DISTRICT,0,8.190493,5.253333333333333,1.0,12.0,True
HARIPUR DISTRICT,1,0.0,0.7255,0.0,3.0,True
HARIPUR DISTRICT,2,0.0,0.383,0.0,2.0,True
HARIPUR DISTRICT,3,0.0,0.7198333333333333,0.0,3.0,True
HARIPUR DISTRICT,4,0.0,0.2638333333333333,0.0,2.0,True
HARIPUR DISTRICT,5,1.781037,0.106,0.0,1.0,False
HARIPUR DISTRICT,6,0.0,0.078,0.0,1.0,True
HARIPUR DISTRICT,7,0.0,0.014,0.0,0.0,True
MANSEHRA DISTRICT,0,0.0,1.0081666666666667,0.0,4.0,True
MANSEHRA DISTRICT,1,0.0,0.13183333333333333,0.0,1.0,True
MANSEHRA DISTRICT,2,0.346001,0.07416666666666667,0.0,1.0,True
MANSEHRA DISTRICT,3,0.0,0.14133333333333334,0.0,1.0,True
MANSEHRA DISTRICT,4,0.0,0.05333333333333334,0.0,1.0,True
MANSEHRA DISTRICT,5,0.0,0.0205,0.0,0.0,True
MANSEHRA DISTRICT,6,0.0,0.017,0.0,0.0,True
MANSEHRA DISTRICT,7,0.0,0.006333333333333333,0.0,0.0,True
TORGHAR DISTRICT,0,1.258332,0.55,0.0,3.0,True
TORGHAR DISTRICT,1,0.0,0.07416666666666667,0.0,1.0,True
TORGHAR DISTRICT,2,0.0,0.035666666666666666,0.0,1.0,True
TORGHAR DISTRICT,3,0.0,0.0625,0.0,1.0,True
TORGHAR DISTRICT,4,0.419444,0.028333333333333332,0.0,1.0,True
TORGHAR DISTRICT,5,0.0,0.009166666666666667,0.0,0.0,True
TORGHAR DISTRICT,6,0.0,0.010833333333333334,0.0,0.0,True
TORGHAR DISTRICT,7,0.0,0.0025,0.0,0.0,True
KOHISTAN DISTRICT,0,0.0,0.0,0.0,0.0,True
KOHISTAN DISTRICT,1,0.0,0.0,0.0,0.0,True
KOHISTAN DISTRICT,2,0.0,0.0,0.0,0.0,True
KOHISTAN DISTRICT,3,0.0,0.0,0.0,0.0,True
KOHISTAN DISTRICT,4,0.0,0.0,0.0,0.0,True
KOHISTAN DISTRICT,5,0.0,0.0,0.0,0.0,True
KOHISTAN DISTRICT,6,0.0,0.0,0.0,0.0,True
KOHISTAN DISTRICT,7,0.0,0.0,0.0,0.0,True
HANGU DISTRICT,0,0.0,0.11783333333333333,0.0,1.0,True
HANGU DISTRICT,1,0.0,0.0175,0.0,0.0,True
HANGU DISTRICT,2,0.0,0.010833333333333334,0.0,0.0,True
HANGU DISTRICT,3,0.0,0.017166666666666667,0.0,0.0,True
HANGU DISTRICT,4,0.134574,0.007333333333333333,0.0,0.0,False
HANGU DISTRICT,5,0.0,0.0021666666666666666,0.0,0.0,True
HANGU DISTRICT,6,0.0,0.0023333333333333335,0.0,0.0,True
HANGU DISTRICT,7,0.0,0.0006666666666666666,0.0,0.0,True
KARAK DISTRICT,0,1.63421,0.7218333333333333,0.0,3.0,True
KARAK DISTRICT,1,0.817105,0.101,0.0,1.0,True
KARAK DISTRICT,2,0.0,0.04766666666666667,0.0,1.0,True
KARAK DISTRICT,3,0.817105,0.1095,0.0,1.0,True
KARAK DISTRICT,4,0.0,0.042166666666666665,0.0,1.0,True
KARAK DISTRICT,5,0.0,0.017166666666666667,0.0,0.0,True
KARAK DISTRICT,6,0.0,0.010333333333333333,0.0,0.0,True
KARAK DISTRICT,7,0.0,0.0015,0.0,0.0,True
KOHAT DISTRICT,0,3.85694,2.257833333333333,0.0,7.0,True
KOHAT DISTRICT,1,0.0,0.325,0.0,2.0,True
KOHAT DISTRICT,2,0.0,0.17266666666666666,0.0,1.0,True
KOHAT DISTRICT,3,0.0,0.3446666666666667,0.0,2.0,True
KOHAT DISTRICT,4,0.0,0.13016666666666668,0.0,1.0,True
KOHAT DISTRICT,5,0.0,0.049666666666666665,0.0,1.0,True
KOHAT DISTRICT,6,0.0,0.044,0.0,1.0,True
KOHAT DISTRICT,7,0.0,0.008333333333333333,0.0,0.0,True
MARDAN DISTRICT,0,4.642094,2.7571666666666665,0.0,8.0,True
MARDAN DISTRICT,1,0.262302,0.38133333333333336,0.0,2.0,True
MARDAN DISTRICT,2,0.0,0.20016666666666666,0.0,1.0,True
MARDAN DISTRICT,3,0.0,0.3605,0.0,2.0,True
MARDAN DISTRICT,4,0.0,0.14083333333333334,0.0,1.0,True
MARDAN DISTRICT,5,0.0,0.059333333333333335,0.0,1.0,True
MARDAN DISTRICT,6,0.0,0.048,0.0,1.0,True
MARDAN DISTRICT,7,0.0,0.009666666666666667,0.0,0.0,True
SWABI DISTRICT,0,3.196497,2.236,0.0,6.024999999999636,True
SWABI DISTRICT,1,0.0,0.32266666666666666,0.0,2.0,True
SWABI DISTRICT,2,0.0,0.17,0.0,1.0,True
SWABI DISTRICT,3,0.0,0.3245,0.0,2.0,True
SWABI DISTRICT,4,0.0,0.11466666666666667,0.0,1.0,True
SWABI DISTRICT,5,0.623527,0.052833333333333336,0.0,1.0,True
SWABI DISTRICT,6,0.0,0.047,0.0,1.0,True
SWABI DISTRICT,7,0.0,0.009333333333333334,0.0,0.0,True
CHARSADDA DISTRICT,0,1.002678,1.6038333333333334,0.0,5.0,True
CHARSADDA DISTRICT,1,0.261861,0.23333333333333334,0.0,2.0,True
CHARSADDA DISTRICT,2,0.0,0.11616666666666667,0.0,1.0,True
CHARSADDA DISTRICT,3,0.214477,0.24,0.0,2.0,True
CHARSADDA DISTRICT,4,0.0,0.0875,0.0,1.0,True
CHARSADDA DISTRICT,5,1.002678,0.034,0.0,1.0,False
CHARSADDA DISTRICT,6,0.0,0.02666666666666667,0.0,1.0,True
CHARSADDA DISTRICT,7,0.0,0.007666666666666666,0.0,0.0,True
NOWSHERA DISTRICT,0,3.294182,3.554333333333333,0.0,9.0,True
NOWSHERA DISTRICT,1,0.536417,0.49033333333333334,0.0,2.0,True
NOWSHERA DISTRICT,2,2.35246,0.26516666666666666,0.0,2.0,False
NOWSHERA DISTRICT,3,0.0,0.509,0.0,2.0,True
NOWSHERA DISTRICT,4,0.0,0.186,0.0,1.0,True
NOWSHERA DISTRICT,5,0.0,0.07783333333333334,0.0,1.0,True
NOWSHERA DISTRICT,6,0.0,0.06966666666666667,0.0,1.0,True
NOWSHERA DISTRICT,7,0.0,0.012166666666666666,0.0,0.0,True
PESHAWAR DISTRICT,0,6.000243,6.0435,1.0,13.0,True
PESHAWAR DISTRICT,1,1.513846,0.8653333333333333,0.0,3.0,True
PESHAWAR DISTRICT,2,0.0,0.4508333333333333,0.0,2.0,True
PESHAWAR DISTRICT,3,2.7700430000000003,0.8418333333333333,0.0,3.0,True
PESHAWAR DISTRICT,4,0.217214,0.2886666666666667,0.0,2.0,True
PESHAWAR DISTRICT,5,0.0,0.1215,0.0,1.0,True
PESHAWAR DISTRICT,6,0.0,0.10133333333333333,0.0,1.0,True
PESHAWAR DISTRICT,7,0.0,0.0165,0.0,0.0,True
BUNER DISTRICT,0,1.629368,1.3055,0.0,5.0,True
BUNER DISTRICT,1,1.629368,0.18483333333333332,0.0,1.0,False
BUNER DISTRICT,2,0.0,0.1085,0.0,1.0,True
BUNER DISTRICT,3,0.0,0.18483333333333332,0.0,1.0,True
BUNER DISTRICT,4,0.0,0.0645,0.0,1.0,True
BUNER DISTRICT,5,0.0,0.027666666666666666,0.0,1.0,True
BUNER DISTRICT,6,0.0,0.024166666666666666,0.0,0.0,True
BUNER DISTRICT,7,0.0,0.005166666666666667,0.0,0.0,True
CHITRAL DISTRICT,0,0.868683,0.4285,0.0,2.0,True
CHITRAL DISTRICT,1,0.0,0.06333333333333334,0.0,1.0,True
CHITRAL DISTRICT,2,0.0,0.0325,0.0,1.0,True
CHITRAL DISTRICT,3,0.0,0.05733333333333333,0.0,1.0,True
CHITRAL DISTRICT,4,0.0,0.02666666666666667,0.0,1.0,True
CHITRAL DISTRICT,5,0.0,0.011333333333333334,0.0,0.0,True
CHITRAL DISTRICT,6,0.0,0.006166666666666667,0.0,0.0,True
CHITRAL DISTRICT,7,0.0,0.001,0.0,0.0,True
SHANGLA DISTRICT,0,1.614639,1.2946666666666666,0.0,4.0,True
SHANGLA DISTRICT,1,0.0,0.18533333333333332,0.0,1.0,True
SHANGLA DISTRICT,2,0.0,0.10666666666666667,0.0,1.0,True
SHANGLA DISTRICT,3,0.0,0.19083333333333333,0.0,1.0,True
SHANGLA DISTRICT,4,0.0,0.068,0.0,1.0,True
SHANGLA DISTRICT,5,1.614639,0.025166666666666667,0.0,0.0,False
SHANGLA DISTRICT,6,0.0,0.023166666666666665,0.0,0.0,True
SHANGLA DISTRICT,7,0.0,0.004333333333333333,0.0,0.0,True
SWAT DISTRICT,0,1.8173430000000002,1.14,0.0,4.0,True
SWAT DISTRICT,1,0.431604,0.15983333333333333,0.0,1.0,True
SWAT DISTRICT,2,0.0,0.091,0.0,1.0,True
SWAT DISTRICT,3,0.0,0.1535,0.0,1.0,True
SWAT DISTRICT,4,0.0,0.060333333333333336,0.0,1.0,True
SWAT DISTRICT,5,0.0,0.027833333333333335,0.0,1.0,True
SWAT DISTRICT,6,0.0,0.018333333333333333,0.0,0.0,True
SWAT DISTRICT,7,0.0,0.003833333333333333,0.0,0.0,True
LOWER DIR DISTRICT,0,3.030499,1.4925,0.0,5.0,True
LOWER DIR DISTRICT,1,0.0,0.202,0.0,1.0,True
LOWER DIR DISTRICT,2,0.632718,0.10833333333333334,0.0,1.0,True
LOWER DIR DISTRICT,3,0.605839,0.21733333333333332,0.0,1.0,True
LOWER DIR DISTRICT,4,0.0,0.07866666666666666,0.0,1.0,True
LOWER DIR DISTRICT,5,0.0,0.028833333333333332,0.0,1.0,True
LOWER DIR DISTRICT,6,0.0,0.025,0.0,0.0,True
LOWER DIR DISTRICT,7,0.0,0.004833333333333334,0.0,0.0,True
UPPER DIR DISTRICT,0,2.662994,1.467,0.0,5.0,True
UPPER DIR DISTRICT,1,0.0,0.18766666666666668,0.0,1.0,True
UPPER DIR DISTRICT,2,0.0,0.11166666666666666,0.0,1.0,True
UPPER DIR DISTRICT,3,0.0,0.19916666666666666,0.0,1.0,True
UPPER DIR DISTRICT,4,0.0,0.07366666666666667,0.0,1.0,True
UPPER DIR DISTRICT,5,0.0,0.03283333333333333,0.0,1.0,True
UPPER DIR DISTRICT,6,0.0,0.03333333333333333,0.0,1.0,True
UPPER DIR DISTRICT,7,0.0,0.008333333333333333,0.0,0.0,True
MALAKAND PROTECTED AREA DISTRICT,0,0.04069,0.5015,0.0,3.0,True
MALAKAND PROTECTED AREA DISTRICT,1,0.0,0.07516666666666667,0.0,1.0,True
MALAKAND PROTECTED AREA DISTRICT,2,0.0,0.0435,0.0,1.0,True
MALAKAND PROTECTED AREA DISTRICT,3,0.0,0.07566666666666666,0.0,1.0,True
MALAKAND PROTECTED AREA DISTRICT,4,0.0,0.023166666666666665,0.0,0.0,True
MALAKAND PROTECTED AREA DISTRICT,5,0.0,0.009333333333333334,0.0,0.0,True
MALAKAND PROTECTED AREA DISTRICT,6,0.0,0.0085,0.0,0.0,True
MALAKAND PROTECTED AREA DISTRICT,7,0.0,0.0015,0.0,0.0,True
KHYBER AGENCY DISTRICT,0,0.231117,0.403,0.0,2.0,True
KHYBER AGENCY DISTRICT,1,0.034658,0.06116666666666667,0.0,1.0,True
KHYBER AGENCY DISTRICT,2,0.437678,0.034333333333333334,0.0,1.0,True
KHYBER AGENCY DISTRICT,3,0.0,0.05383333333333333,0.0,1.0,True
KHYBER AGENCY DISTRICT,4,0.0,0.020833333333333332,0.0,0.0,True
KHYBER AGENCY DISTRICT,5,0.0,0.007,0.0,0.0,True
KHYBER AGENCY DISTRICT,6,0.0,0.010333333333333333,0.0,0.0,True
KHYBER AGENCY DISTRICT,7,0.0,0.0013333333333333333,0.0,0.0,True
KURRAM AGENCY DISTRICT,0,0.4401,0.21133333333333335,0.0,2.0,True
KURRAM AGENCY DISTRICT,1,0.0,0.024666666666666667,0.0,0.0,True
KURRAM AGENCY DISTRICT,2,0.020481,0.014833333333333334,0.0,0.0,False
KURRAM AGENCY DISTRICT,3,0.0,0.03183333333333333,0.0,1.0,True
KURRAM AGENCY DISTRICT,4,0.0,0.0105,0.0,0.0,True
KURRAM AGENCY DISTRICT,5,0.0,0.004333333333333333,0.0,0.0,True
KURRAM AGENCY DISTRICT,6,0.0,0.0036666666666666666,0.0,0.0,True
KURRAM AGENCY DISTRICT,7,0.0,0.0006666666666666666,0.0,0.0,True
MOHMAND AGENCY DISTRICT,0,0.316029,0.35683333333333334,0.0,2.0,True
MOHMAND AGENCY DISTRICT,1,0.0,0.04883333333333333,0.0,1.0,True
MOHMAND AGENCY DISTRICT,2,0.0,0.026,0.0,1.0,True
MOHMAND AGENCY DISTRICT,3,0.0,0.05216666666666667,0.0,1.0,True
MOHMAND AGENCY DISTRICT,4,0.0,0.018833333333333334,0.0,0.0,True
MOHMAND AGENCY DISTRICT,5,0.0,0.006,0.0,0.0,True
MOHMAND AGENCY DISTRICT,6,0.0,0.005666666666666667,0.0,0.0,True
MOHMAND AGENCY DISTRICT,7,0.0,0.0006666666666666666,0.0,0.0,True
NORTH WAZIRISTAN AGENCY DISTRICT,0,0.451913,0.44316666666666665,0.0,2.0,True
NORTH WAZIRISTAN AGENCY DISTRICT,1,0.0,0.06433333333333334,0.0,1.0,True
NORTH WAZIRISTAN AGENCY DISTRICT,2,0.0,0.035833333333333335,0.0,1.0,True
NORTH WAZIRISTAN AGENCY DISTRICT,3,0.0,0.0695,0.0,1.0,True
NORTH WAZIRISTAN AGENCY DISTRICT,4,0.0,0.023666666666666666,0.0,0.0,True
NORTH WAZIRISTAN AGENCY DISTRICT,5,0.0,0.008333333333333333,0.0,0.0,True
NORTH WAZIRISTAN AGENCY DISTRICT,6,0.0,0.007333333333333333,0.0,0.0,True
NORTH WAZIRISTAN AGENCY DISTRICT,7,0.0,0.0015,0.0,0.0,True
ORAKZAI AGENCY DISTRICT,0,0.0,0.085,0.0,1.0,True
ORAKZAI AGENCY DISTRICT,1,0.0,0.011666666666666667,0.0,0.0,True
ORAKZAI AGENCY DISTRICT,2,0.0,0.008,0.0,0.0,True
ORAKZAI AGENCY DISTRICT,3,0.0,0.014,0.0,0.0,True
ORAKZAI AGENCY DISTRICT,4,0.0,0.006333333333333333,0.0,0.0,True
ORAKZAI AGENCY DISTRICT,5,0.0,0.003,0.0,0.0,True
ORAKZAI AGENCY DISTRICT,6,0.0,0.0023333333333333335,0.0,0.0,True
ORAKZAI AGENCY DISTRICT,7,0.0,0.00016666666666666666,0.0,0.0,True
SOUTH WAZIRISTAN A DISTRICT,0,0.74374,0.30516666666666664,0.0,2.0,True
SOUTH WAZIRISTAN A DISTRICT,1,0.0,0.046,0.0,1.0,True
SOUTH WAZIRISTAN A DISTRICT,2,0.0,0.020166666666666666,0.0,0.0,True
SOUTH WAZIRISTAN A DISTRICT,3,0.0,0.041833333333333333,0.0,1.0,True
SOUTH WAZIRISTAN A DISTRICT,4,0.0,0.016166666666666666,0.0,0.0,True
SOUTH WAZIRISTAN A DISTRICT,5,0.0,0.007,0.0,0.0,True
SOUTH WAZIRISTAN A DISTRICT,6,0.0,0.006333333333333333,0.0,0.0,True
SOUTH WAZIRISTAN A DISTRICT,7,0.0,0.0021666666666666666,0.0,0.0,True
BAJAUR AGENCY DISTRICT,0,1.7609160000000001,0.6961666666666667,0.0,3.0,True
BAJAUR AGENCY DISTRICT,1,0.0,0.10583333333333333,0.0,1.0,True
BAJAUR AGENCY DISTRICT,2,0.255752,0.051833333333333335,0.0,1.0,True
BAJAUR AGENCY DISTRICT,3,0.0,0.1025,0.0,1.0,True
BAJAUR AGENCY DISTRICT,4,0.0,0.042333333333333334,0.0,1.0,True
BAJAUR AGENCY DISTRICT,5,0.0,0.015166666666666667,0.0,0.0,True
BAJAUR AGENCY DISTRICT,6,0.0,0.012,0.0,0.0,True
BAJAUR AGENCY DISTRICT,7,0.0,0.0023333333333333335,0.0,0.0,True
FR BANNU DISTRICT,0,0.050508,0.0635,0.0,1.0,True
FR BANNU DISTRICT,1,0.0,0.007833333333333333,0.0,0.0,True
FR BANNU DISTRICT,2,0.0,0.0045,0.0,0.0,True
FR BANNU DISTRICT,3,0.025254,0.005666666666666667,0.0,0.0,False
FR BANNU DISTRICT,4,0.0,0.0025,0.0,0.0,True
FR BANNU DISTRICT,5,0.0,0.0006666666666666666,0.0,0.0,True
FR BANNU DISTRICT,6,0.0,0.0008333333333333334,0.0,0.0,True
FR BANNU DISTRICT,7,0.0,0.0003333333333333333,0.0,0.0,True
FR D.I.KHAN DISTRICT,0,0.0,0.0,0.0,0.0,True
FR D.I.KHAN DISTRICT,1,0.0,0.0,0.0,0.0,True
FR D.I.KHAN DISTRICT,2,0.0,0.0,0.0,0.0,True
FR D.I.KHAN DISTRICT,3,0.0,0.0,0.0,0.0,True
FR D.I.KHAN DISTRICT,4,0.0,0.0,0.0,0.0,True
FR D.I.KHAN DISTRICT,5,0.0,0.0,0.0,0.0,True
FR D.I.KHAN DISTRICT,6,0.0,0.0,0.0,0.0,True
FR D.I.KHAN DISTRICT,7,0.0,0.0,0.0,0.0,True
FR KOHAT DISTRICT,0,0.0,0.0,0.0,0.0,True
FR KOHAT DISTRICT,1,0.0,0.0,0.0,0.0,True
FR KOHAT DISTRICT,2,0.0,0.0,0.0,0.0,True
FR KOHAT DISTRICT,3,0.0,0.0,0.0,0.0,True
FR KOHAT DISTRICT,4,0.0,0.0,0.0,0.0,True
FR KOHAT DISTRICT,5,0.0,0.0,0.0,0.0,True
FR KOHAT DISTRICT,6,0.0,0.0,0.0,0.0,True
FR KOHAT DISTRICT,7,0.0,0.0,0.0,0.0,True
FR LAKKI MARWAT DISTRICT,0,0.0,0.0,0.0,0.0,True
FR LAKKI MARWAT DISTRICT,1,0.0,0.0,0.0,0.0,True
FR LAKKI MARWAT DISTRICT,2,0.0,0.0,0.0,0.0,True
FR LAKKI MARWAT DISTRICT,3,0.0,0.0,0.0,0.0,True
FR LAKKI MARWAT DISTRICT,4,0.0,0.0,0.0,0.0,True
FR LAKKI MARWAT DISTRICT,5,0.0,0.0,0.0,0.0,True
FR LAKKI MARWAT DISTRICT,6,0.0,0.0,0.0,0.0,True
FR LAKKI MARWAT DISTRICT,7,0.0,0.0,0.0,0.0,True
FR PESHAWAR DISTRICT,0,0.0,0.0,0.0,0.0,True
FR PESHAWAR DISTRICT,1,0.0,0.0,0.0,0.0,True
FR PESHAWAR DISTRICT,2,0.0,0.0,0.0,0.0,True
FR PESHAWAR DISTRICT,3,0.0,0.0,0.0,0.0,True
FR PESHAWAR DISTRICT,4,0.0,0.0,0.0,0.0,True
FR PESHAWAR DISTRICT,5,0.0,0.0,0.0,0.0,True
FR PESHAWAR DISTRICT,6,0.0,0.0,0.0,0.0,True
FR PESHAWAR DISTRICT,7,0.0,0.0,0.0,0.0,True
FR TANK DISTRICT,0,0.0,0.13766666666666666,0.0,1.0,True
FR TANK DISTRICT,1,0.0,0.019166666666666665,0.0,0.0,True
FR TANK DISTRICT,2,0.0,0.010333333333333333,0.0,0.0,True
FR TANK DISTRICT,3,0.0,0.02,0.0,0.0,True
FR TANK DISTRICT,4,0.0,0.006,0.0,0.0,True
FR TANK DISTRICT,5,0.0,0.003833333333333333,0.0,0.0,True
FR TANK DISTRICT,6,0.0,0.0023333333333333335,0.0,0.0,True
FR TANK DISTRICT,7,0.0,0.0003333333333333333,0.0,0.0,True
ATTOCK DISTRICT,0,0.232898,0.687,0.0,3.0,True
ATTOCK DISTRICT,1,0.601652,0.10083333333333333,0.0,1.0,True
ATTOCK DISTRICT,2,0.0,0.0535,0.0,1.0,True
ATTOCK DISTRICT,3,0.0,0.10216666666666667,0.0,1.0,True
ATTOCK DISTRICT,4,0.0,0.03816666666666667,0.0,1.0,True
ATTOCK DISTRICT,5,0.0,0.016,0.0,0.0,True
ATTOCK DISTRICT,6,0.0,0.014833333333333334,0.0,0.0,True
ATTOCK DISTRICT,7,0.0,0.004833333333333334,0.0,0.0,True
CHAKWAL DISTRICT,0,0.0,1.3378333333333334,0.0,5.0,True
CHAKWAL DISTRICT,1,0.575881,0.19616666666666666,0.0,1.0,True
CHAKWAL DISTRICT,2,1.9060769999999998,0.11,0.0,1.0,False
CHAKWAL DISTRICT,3,0.0,0.188,0.0,1.0,True
CHAKWAL DISTRICT,4,1.180871,0.064,0.0,1.0,False
CHAKWAL DISTRICT,5,0.0,0.028,0.0,1.0,True
CHAKWAL DISTRICT,6,0.0,0.025833333333333333,0.0,1.0,True
CHAKWAL DISTRICT,7,0.0,0.006166666666666667,0.0,0.0,True
JHELUM DISTRICT,0,0.0,0.811,0.0,3.0,True
JHELUM DISTRICT,1,0.0,0.11866666666666667,0.0,1.0,True
JHELUM DISTRICT,2,0.0,0.06233333333333333,0.0,1.0,True
JHELUM DISTRICT,3,0.0,0.124,0.0,1.0,True
JHELUM DISTRICT,4,0.0,0.042833333333333334,0.0,1.0,True
JHELUM DISTRICT,5,0.0,0.015666666666666666,0.0,0.0,True
JHELUM DISTRICT,6,0.0,0.015166666666666667,0.0,0.0,True
JHELUM DISTRICT,7,0.0,0.0035,0.0,0.0,True
RAWALPINDI DISTRICT,0,6.902906,6.060666666666667,1.0,13.0,True
RAWALPINDI DISTRICT,1,2.94949,0.8411666666666666,0.0,3.0,True
RAWALPINDI DISTRICT,2,0.0,0.4405,0.0,2.0,True
RAWALPINDI DISTRICT,3,0.0,0.8601666666666666,0.0,3.0,True
RAWALPINDI DISTRICT,4,0.0,0.312,0.0,2.0,True
RAWALPINDI DISTRICT,5,0.0,0.12883333333333333,0.0,1.0,True
RAWALPINDI DISTRICT,6,0.0,0.10833333333333334,0.0,1.0,True
RAWALPINDI DISTRICT,7,0.0,0.0205,0.0,0.0,True
BHAKKAR DISTRICT,0,22.254088,15.260166666666667,6.0,26.0,True
BHAKKAR DISTRICT,1,2.781761,2.011833333333333,0.0,5.024999999999636,True
BHAKKAR DISTRICT,2,0.0,1.004,0.0,4.0,True
BHAKKAR DISTRICT,3,0.0,1.8578333333333332,0.0,5.0,True
BHAKKAR DISTRICT,4,0.0,0.6765,0.0,3.0,True
BHAKKAR DISTRICT,5,0.0,0.25633333333333336,0.0,2.0,True
BHAKKAR DISTRICT,6,0.0,0.227,0.0,2.0,True
BHAKKAR DISTRICT,7,0.0,0.041833333333333333,0.0,1.0,True
KHUSHAB DISTRICT,0,0.0,1.1765,0.0,4.0,True
KHUSHAB DISTRICT,1,0.0,0.16383333333333333,0.0,1.0,True
KHUSHAB DISTRICT,2,0.0,0.08666666666666667,0.0,1.0,True
KHUSHAB DISTRICT,3,0.0,0.18383333333333332,0.0,1.0,True
KHUSHAB DISTRICT,4,0.0,0.07,0.0,1.0,True
KHUSHAB DISTRICT,5,0.0,0.030166666666666668,0.0,1.0,True
KHUSHAB DISTRICT,6,0.0,0.0295,0.0,1.0,True
KHUSHAB DISTRICT,7,0.0,0.006,0.0,0.0,True
SARGODHA DISTRICT,0,14.611633000000001,10.489166666666666,4.0,19.0,True
SARGODHA DISTRICT,1,2.045177,1.4473333333333334,0.0,4.0,True
SARGODHA DISTRICT,2,0.0,0.7776666666666666,0.0,3.0,True
SARGODHA DISTRICT,3,0.0,1.5316666666666667,0.0,5.0,True
SARGODHA DISTRICT,4,0.0,0.5776666666666667,0.0,3.0,True
SARGODHA DISTRICT,5,0.0,0.22733333333333333,0.0,2.0,True
SARGODHA DISTRICT,6,0.0,0.19183333333333333,0.0,1.0,True
SARGODHA DISTRICT,7,0.0,0.036833333333333336,0.0,1.0,True
MIANWALI DISTRICT,0,5.23892,3.398,0.0,9.0,True
MIANWALI DISTRICT,1,0.0,0.4791666666666667,0.0,2.0,True
MIANWALI DISTRICT,2,0.0,0.25333333333333335,0.0,2.0,True
MIANWALI DISTRICT,3,0.0,0.479,0.0,2.0,True
MIANWALI DISTRICT,4,0.0,0.18016666666666667,0.0,1.0,True
MIANWALI DISTRICT,5,0.0,0.08666666666666667,0.0,1.0,True
MIANWALI DISTRICT,6,0.0,0.06683333333333333,0.0,1.0,True
MIANWALI DISTRICT,7,0.0,0.013333333333333334,0.0,0.0,True
GUJRANWALA DISTRICT,0,9.442428,9.628333333333334,3.0,19.0,True
GUJRANWALA DISTRICT,1,0.0,1.3536666666666666,0.0,4.0,True
GUJRANWALA DISTRICT,2,2.373669,0.7435,0.0,3.0,True
GUJRANWALA DISTRICT,3,1.970211,1.4325,0.0,4.0,True
GUJRANWALA DISTRICT,4,2.373669,0.504,0.0,2.0,False
GUJRANWALA DISTRICT,5,0.0,0.19966666666666666,0.0,1.0,True
GUJRANWALA DISTRICT,6,0.0,0.19566666666666666,0.0,1.0,True
GUJRANWALA DISTRICT,7,0.0,0.043833333333333335,0.0,1.0,True
GUJRAT DISTRICT,0,2.192395,5.735833333333333,1.0,13.0,True
GUJRAT DISTRICT,1,0.0,0.7895,0.0,3.0,True
GUJRAT DISTRICT,2,2.092568,0.4028333333333333,0.0,2.0,False
GUJRAT DISTRICT,3,3.632112,0.7793333333333333,0.0,3.0,False
GUJRAT DISTRICT,4,0.0,0.2811666666666667,0.0,2.0,True
GUJRAT DISTRICT,5,0.0,0.11966666666666667,0.0,1.0,True
GUJRAT DISTRICT,6,0.0,0.10433333333333333,0.0,1.0,True
GUJRAT DISTRICT,7,0.0,0.0245,0.0,0.0,True
HAFIZABAD DISTRICT,0,3.641505,2.123,0.0,6.0,True
HAFIZABAD DISTRICT,1,0.0,0.29433333333333334,0.0,2.0,True
HAFIZABAD DISTRICT,2,0.0,0.1635,0.0,1.0,True
HAFIZABAD DISTRICT,3,0.83331,0.2798333333333333,0.0,2.0,True
HAFIZABAD DISTRICT,4,0.0,0.10283333333333333,0.0,1.0,True
HAFIZABAD DISTRICT,5,0.0,0.04466666666666667,0.0,1.0,True
HAFIZABAD DISTRICT,6,0.0,0.041,0.0,1.0,True
HAFIZABAD DISTRICT,7,0.0,0.009666666666666667,0.0,0.0,True
MANDI BAHAUDDIN DISTRICT,0,0.0,0.0,0.0,0.0,True
MANDI BAHAUDDIN DISTRICT,1,0.0,0.0,0.0,0.0,True
MANDI BAHAUDDIN DISTRICT,2,0.0,0.0,0.0,0.0,True
MANDI BAHAUDDIN DISTRICT,3,0.0,0.0,0.0,0.0,True
MANDI BAHAUDDIN DISTRICT,4,0.0,0.0,0.0,0.0,True
MANDI BAHAUDDIN DISTRICT,5,0.0,0.0,0.0,0.0,True
MANDI BAHAUDDIN DISTRICT,6,0.0,0.0,0.0,0.0,True
MANDI BAHAUDDIN DISTRICT,7,0.0,0.0,0.0,0.0,True
NAROWAL DISTRICT,0,2.639062,1.6163333333333334,0.0,5.0,True
NAROWAL DISTRICT,1,0.0,0.24466666666666667,0.0,2.0,True
NAROWAL DISTRICT,2,0.0,0.13833333333333334,0.0,1.0,True
NAROWAL DISTRICT,3,0.0,0.24766666666666667,0.0,2.0,True
NAROWAL DISTRICT,4,0.0,0.092,0.0,1.0,True
NAROWAL DISTRICT,5,0.0,0.04033333333333333,0.0,1.0,True
NAROWAL DISTRICT,6,0.0,0.03266666666666666,0.0,1.0,True
NAROWAL DISTRICT,7,0.0,0.007166666666666667,0.0,0.0,True
SIALKOT DISTRICT,0,3.938723,3.8541666666666665,0.0,10.0,True
SIALKOT DISTRICT,1,1.757371,0.5353333333333333,0.0,2.0,True
SIALKOT DISTRICT,2,0.0,0.2895,0.0,2.0,True
SIALKOT DISTRICT,3,0.0,0.5741666666666667,0.0,3.0,True
SIALKOT DISTRICT,4,0.0,0.21133333333333335,0.0,1.0,True
SIALKOT DISTRICT,5,0.0,0.09333333333333334,0.0,1.0,True
SIALKOT DISTRICT,6,0.0,0.079,0.0,1.0,True
SIALKOT DISTRICT,7,0.0,0.014833333333333334,0.0,0.0,True
LAHORE DISTRICT,0,21.432242,18.622166666666665,9.0,30.0,True
LAHORE DISTRICT,1,3.9683140000000003,2.6015,0.0,7.0,True
LAHORE DISTRICT,2,1.787373,1.3616666666666666,0.0,4.0,True
LAHORE DISTRICT,3,0.0,2.535,0.0,6.0,True
LAHORE DISTRICT,4,0.0,0.9193333333333333,0.0,3.0,True
LAHORE DISTRICT,5,0.0,0.38016666666666665,0.0,2.0,True
LAHORE DISTRICT,6,3.740927,0.33616666666666667,0.0,2.0,False
LAHORE DISTRICT,7,0.0,0.06383333333333334,0.0,1.0,True
KASUR DISTRICT,0,7.325729,7.850666666666666,2.0,15.0,True
KASUR DISTRICT,1,0.0,1.0963333333333334,0.0,4.0,True
KASUR DISTRICT,2,0.0,0.6045,0.0,3.0,True
KASUR DISTRICT,3,5.293557,1.1611666666666667,0.0,4.0,False
KASUR DISTRICT,4,0.0,0.39066666666666666,0.0,2.0,True
KASUR DISTRICT,5,0.0,0.1465,0.0,1.0,True
KASUR DISTRICT,6,0.0,0.14183333333333334,0.0,1.0,True
KASUR DISTRICT,7,0.0,0.0235,0.0,0.0,True
NANKANA SAHIB DISTRICT,0,0.0,1.0328333333333333,0.0,4.0,True
NANKANA SAHIB DISTRICT,1,0.0,0.15133333333333332,0.0,1.0,True
NANKANA SAHIB DISTRICT,2,0.0,0.07916666666666666,0.0,1.0,True
NANKANA SAHIB DISTRICT,3,0.0,0.146,0.0,1.0,True
NANKANA SAHIB DISTRICT,4,0.0,0.058166666666666665,0.0,1.0,True
NANKANA SAHIB DISTRICT,5,0.0,0.021666666666666667,0.0,0.0,True
NANKANA SAHIB DISTRICT,6,0.0,0.020666666666666667,0.0,0.0,True
NANKANA SAHIB DISTRICT,7,0.0,0.0065,0.0,0.0,True
SHEIKHUPURA DISTRICT,0,0.0,1.4818333333333333,0.0,5.0,True
SHEIKHUPURA DISTRICT,1,0.0,0.217,0.0,1.0,True
SHEIKHUPURA DISTRICT,2,0.0,0.116,0.0,1.0,True
SHEIKHUPURA DISTRICT,3,0.0,0.22683333333333333,0.0,2.0,True
SHEIKHUPURA DISTRICT,4,0.0,0.078,0.0,1.0,True
SHEIKHUPURA DISTRICT,5,0.0,0.03166666666666667,0.0,1.0,True
SHEIKHUPURA DISTRICT,6,0.0,0.028833333333333332,0.0,1.0,True
SHEIKHUPURA DISTRICT,7,0.0,0.006333333333333333,0.0,0.0,True
FAISALABAD DISTRICT,0,9.772792,14.2655,6.0,25.0,True
FAISALABAD DISTRICT,1,4.8174220000000005,2.075,0.0,6.0,True
FAISALABAD DISTRICT,2,0.0,1.069,0.0,4.0,True
FAISALABAD DISTRICT,3,4.643211,2.0536666666666665,0.0,6.0,True
FAISALABAD DISTRICT,4,2.422605,0.7906666666666666,0.0,3.0,True
FAISALABAD DISTRICT,5,0.0,0.31433333333333335,0.0,2.0,True
FAISALABAD DISTRICT,6,2.422605,0.26566666666666666,0.0,2.0,False
FAISALABAD DISTRICT,7,0.0,0.043166666666666666,0.0,1.0,True
CHINIOT DISTRICT,0,3.018159,2.9393333333333334,0.0,8.0,True
CHINIOT DISTRICT,1,1.67232,0.4131666666666667,0.0,2.0,True
CHINIOT DISTRICT,2,0.0,0.22533333333333333,0.0,1.0249999999996362,True
CHINIOT DISTRICT,3,1.6751129999999999,0.4285,0.0,2.0,True
CHINIOT DISTRICT,4,0.0,0.157,0.0,1.0,True
CHINIOT DISTRICT,5,0.0,0.058,0.0,1.0,True
CHINIOT DISTRICT,6,0.0,0.04816666666666667,0.0,1.0,True
CHINIOT DISTRICT,7,0.0,0.009833333333333333,0.0,0.0,True
JHANG DISTRICT,0,2.80099,3.7251666666666665,0.0,9.0,True
JHANG DISTRICT,1,1.467054,0.5553333333333333,0.0,2.0,True
JHANG DISTRICT,2,0.0,0.27416666666666667,0.0,2.0,True
JHANG DISTRICT,3,0.0,0.5188333333333334,0.0,2.0,True
JHANG DISTRICT,4,2.80099,0.20583333333333334,0.0,1.0,False
JHANG DISTRICT,5,0.0,0.08533333333333333,0.0,1.0,True
JHANG DISTRICT,6,0.0,0.08083333333333333,0.0,1.0,True
JHANG DISTRICT,7,0.0,0.021333333333333333,0.0,0.0,True
TOBA TEK SINGH DISTRICT,0,9.362881,10.0655,4.0,19.0,True
TOBA TEK SINGH DISTRICT,1,7.264224,1.4436666666666667,0.0,4.0,False
TOBA TEK SINGH DISTRICT,2,0.0,0.7528333333333334,0.0,3.0,True
TOBA TEK SINGH DISTRICT,3,0.0,1.4236666666666666,0.0,4.0,True
TOBA TEK SINGH DISTRICT,4,0.0,0.5468333333333333,0.0,2.0,True
TOBA TEK SINGH DISTRICT,5,0.0,0.2255,0.0,2.0,True
TOBA TEK SINGH DISTRICT,6,0.0,0.17983333333333335,0.0,1.0,True
TOBA TEK SINGH DISTRICT,7,0.0,0.025,0.0,0.0,True
SAHIWAL DISTRICT,0,18.487185,14.713666666666667,6.0,25.0,True
SAHIWAL DISTRICT,1,0.0,2.0018333333333334,0.0,5.0,True
SAHIWAL DISTRICT,2,0.0,1.1228333333333333,0.0,4.0,True
SAHIWAL DISTRICT,3,4.0517,2.134333333333333,0.0,6.0,True
SAHIWAL DISTRICT,4,0.0,0.7426666666666667,0.0,3.0,True
SAHIWAL DISTRICT,5,0.0,0.31366666666666665,0.0,2.0,True
SAHIWAL DISTRICT,6,0.0,0.2725,0.0,2.0,True
SAHIWAL DISTRICT,7,1.84575,0.052,0.0,1.0,False
OKARA DISTRICT,0,2.389269,2.4795,0.0,7.0,True
OKARA DISTRICT,1,0.0,0.353,0.0,2.0,True
OKARA DISTRICT,2,0.0,0.19833333333333333,0.0,1.0,True
OKARA DISTRICT,3,0.0,0.3616666666666667,0.0,2.0,True
OKARA DISTRICT,4,0.0,0.12983333333333333,0.0,1.0,True
OKARA DISTRICT,5,0.0,0.05466666666666667,0.0,1.0,True
OKARA DISTRICT,6,0.0,0.045,0.0,1.0,True
OKARA DISTRICT,7,0.0,0.012833333333333334,0.0,0.0,True
PAKPATTAN DISTRICT,0,3.4508639999999997,2.0805,0.0,6.0,True
PAKPATTAN DISTRICT,1,0.0,0.28733333333333333,0.0,2.0,True
PAKPATTAN DISTRICT,2,0.935952,0.15166666666666667,0.0,1.0,True
PAKPATTAN DISTRICT,3,0.0,0.2811666666666667,0.0,2.0,True
PAKPATTAN DISTRICT,4,0.0,0.11483333333333333,0.0,1.0,True
PAKPATTAN DISTRICT,5,0.0,0.04033333333333333,0.0,1.0,True
PAKPATTAN DISTRICT,6,0.0,0.0385,0.0,1.0,True
PAKPATTAN DISTRICT,7,0.0,0.006666666666666667,0.0,0.0,True
BAHAWALNAGAR DISTRICT,0,5.013008,3.004,0.0,8.0,True
BAHAWALNAGAR DISTRICT,1,0.532105,0.4086666666666667,0.0,2.0,True
BAHAWALNAGAR DISTRICT,2,0.0,0.22316666666666668,0.0,1.0249999999996362,True
BAHAWALNAGAR DISTRICT,3,0.0,0.39416666666666667,0.0,2.0,True
BAHAWALNAGAR DISTRICT,4,0.0,0.1595,0.0,1.0,True
BAHAWALNAGAR DISTRICT,5,0.0,0.07016666666666667,0.0,1.0,True
BAHAWALNAGAR DISTRICT,6,0.0,0.06566666666666666,0.0,1.0,True
BAHAWALNAGAR DISTRICT,7,0.0,0.016833333333333332,0.0,0.0,True
BAHAWALPUR DISTRICT,0,12.368988,15.810833333333333,7.0,27.0,True
BAHAWALPUR DISTRICT,1,4.070372,2.250166666666667,0.0,6.0,True
BAHAWALPUR DISTRICT,2,4.137838,1.1176666666666666,0.0,4.0,False
BAHAWALPUR DISTRICT,3,2.261986,2.0245,0.0,5.0,True
BAHAWALPUR DISTRICT,4,1.848525,0.7653333333333333,0.0,3.0,True
BAHAWALPUR DISTRICT,5,1.409888,0.307,0.0,2.0,True
BAHAWALPUR DISTRICT,6,0.0,0.25033333333333335,0.0,2.0,True
BAHAWALPUR DISTRICT,7,0.0,0.03766666666666667,0.0,1.0,True
RAHIM YAR KHAN DISTRICT,0,30.747709,23.004833333333334,12.0,36.0,True
RAHIM YAR KHAN DISTRICT,1,0.0,3.1531666666666665,0.0,7.0,True
RAHIM YAR KHAN DISTRICT,2,2.520623,1.7138333333333333,0.0,5.0,True
RAHIM YAR KHAN DISTRICT,3,2.520623,3.2388333333333335,0.0,7.0,True
RAHIM YAR KHAN DISTRICT,4,1.693089,1.2023333333333333,0.0,4.0,True
RAHIM YAR KHAN DISTRICT,5,0.0,0.5048333333333334,0.0,2.0,True
RAHIM YAR KHAN DISTRICT,6,0.0,0.4756666666666667,0.0,2.0,True
RAHIM YAR KHAN DISTRICT,7,0.0,0.10283333333333333,0.0,1.0,True
DERA GHAZI KHAN DISTRICT,0,8.385999,7.326666666666667,2.0,15.0,True
DERA GHAZI KHAN DISTRICT,1,3.632112,1.038,0.0,4.0,True
DERA GHAZI KHAN DISTRICT,2,0.0,0.556,0.0,2.0,True
DERA GHAZI KHAN DISTRICT,3,0.0,1.0218333333333334,0.0,4.0,True
DERA GHAZI KHAN DISTRICT,4,0.0,0.37816666666666665,0.0,2.0,True
DERA GHAZI KHAN DISTRICT,5,0.0,0.17133333333333334,0.0,1.0,True
DERA GHAZI KHAN DISTRICT,6,0.0,0.119,0.0,1.0,True
DERA GHAZI KHAN DISTRICT,7,0.0,0.016166666666666666,0.0,0.0,True
RAJANPUR DISTRICT,0,3.6387860000000005,1.8675,0.0,6.0,True
RAJANPUR DISTRICT,1,0.0,0.249,0.0,2.0,True
RAJANPUR DISTRICT,2,0.0,0.118,0.0,1.0,True
RAJANPUR DISTRICT,3,0.0,0.21933333333333332,0.0,2.0,True
RAJANPUR DISTRICT,4,0.0,0.0785,0.0,1.0,True
RAJANPUR DISTRICT,5,0.0,0.034166666666666665,0.0,1.0,True
RAJANPUR DISTRICT,6,0.0,0.029666666666666668,0.0,1.0,True
RAJANPUR DISTRICT,7,0.0,0.005166666666666667,0.0,0.0,True
LAYYAH DISTRICT,0,9.979438,5.427833333333333,1.0,12.0,True
LAYYAH DISTRICT,1,0.0,0.6983333333333334,0.0,3.0,True
LAYYAH DISTRICT,2,0.0,0.3585,0.0,2.0,True
LAYYAH DISTRICT,3,0.0,0.6878333333333333,0.0,3.0,True
LAYYAH DISTRICT,4,0.0,0.2365,0.0,2.0,True
LAYYAH DISTRICT,5,0.0,0.08716666666666667,0.0,1.0,True
LAYYAH DISTRICT,6,0.0,0.0845,0.0,1.0,True
LAYYAH DISTRICT,7,0.0,0.018333333333333333,0.0,0.0,True
MUZAFFARGARH DISTRICT,0,3.320931,8.808666666666667,3.0,17.0,True
MUZAFFARGARH DISTRICT,1,3.940023,1.2921666666666667,0.0,4.0,True
MUZAFFARGARH DISTRICT,2,0.0,0.6395,0.0,3.0,True
MUZAFFARGARH DISTRICT,3,1.710677,1.2335,0.0,4.0,True
MUZAFFARGARH DISTRICT,4,3.940023,0.45966666666666667,0.0,2.0,False
MUZAFFARGARH DISTRICT,5,3.940023,0.17633333333333334,0.0,1.0,False
MUZAFFARGARH DISTRICT,6,0.0,0.1435,0.0,1.0,True
MUZAFFARGARH DISTRICT,7,0.0,0.033,0.0,1.0,True
MULTAN DISTRICT,0,9.200539,7.434166666666667,2.0,15.0,True
MULTAN DISTRICT,1,0.0,1.0705,0.0,4.0,True
MULTAN DISTRICT,2,0.0,0.5951666666666666,0.0,3.0,True
MULTAN DISTRICT,3,0.0,1.0948333333333333,0.0,4.0,True
MULTAN DISTRICT,4,2.598642,0.39066666666666666,0.0,2.0,False
MULTAN DISTRICT,5,0.0,0.157,0.0,1.0,True
MULTAN DISTRICT,6,0.0,0.133,0.0,1.0,True
MULTAN DISTRICT,7,0.0,0.022833333333333334,0.0,0.0,True
KHANEWAL DISTRICT,0,14.146758,12.219,5.0,22.0,True
KHANEWAL DISTRICT,1,5.4196480000000005,1.6661666666666666,0.0,5.0,False
KHANEWAL DISTRICT,2,0.0,0.8696666666666667,0.0,3.0,True
KHANEWAL DISTRICT,3,0.0,1.6623333333333334,0.0,5.0,True
KHANEWAL DISTRICT,4,0.0,0.63,0.0,3.0,True
KHANEWAL DISTRICT,5,0.0,0.24283333333333335,0.0,2.0,True
KHANEWAL DISTRICT,6,0.0,0.1935,0.0,1.0,True
KHANEWAL DISTRICT,7,0.0,0.0305,0.0,1.0,True
LODHRAN DISTRICT,0,1.713136,1.285,0.0,4.024999999999636,True
LODHRAN DISTRICT,1,0.0,0.1725,0.0,1.0,True
LODHRAN DISTRICT,2,0.0,0.09183333333333334,0.0,1.0,True
LODHRAN DISTRICT,3,0.0,0.16183333333333333,0.0,1.0,True
LODHRAN DISTRICT,4,0.0,0.057,0.0,1.0,True
LODHRAN DISTRICT,5,0.0,0.026166666666666668,0.0,1.0,True
LODHRAN DISTRICT,6,0.0,0.023166666666666665,0.0,0.0,True
LODHRAN DISTRICT,7,0.0,0.0033333333333333335,0.0,0.0,True
VEHARI DISTRICT,0,8.347766,7.612833333333334,2.0,15.0,True
VEHARI DISTRICT,1,2.241569,1.0818333333333334,0.0,4.0,True
VEHARI DISTRICT,2,0.0,0.5618333333333333,0.0,2.0,True
VEHARI DISTRICT,3,0.0,1.004,0.0,3.0,True
VEHARI DISTRICT,4,0.0,0.3975,0.0,2.0,True
VEHARI DISTRICT,5,0.0,0.17466666666666666,0.0,1.0,True
VEHARI DISTRICT,6,2.397994,0.17383333333333334,0.0,1.0,False
VEHARI DISTRICT,7,0.0,0.035333333333333335,0.0,1.0,True
JACOBABAD DISTRICT,0,5.157393,2.7176666666666667,0.0,8.0,True
JACOBABAD DISTRICT,1,0.0,0.37466666666666665,0.0,2.0,True
JACOBABAD DISTRICT,2,0.0,0.18766666666666668,0.0,1.0,True
JACOBABAD DISTRICT,3,0.0,0.3441666666666667,0.0,2.0,True
JACOBABAD DISTRICT,4,0.0,0.1485,0.0,1.0,True
JACOBABAD DISTRICT,5,0.0,0.058833333333333335,0.0,1.0,True
JACOBABAD DISTRICT,6,0.0,0.043166666666666666,0.0,1.0,True
JACOBABAD DISTRICT,7,0.0,0.0065,0.0,0.0,True
KASHMORE DISTRICT,0,6.3251100000000005,4.363833333333333,0.0,10.0,True
KASHMORE DISTRICT,1,0.0,0.5996666666666667,0.0,3.0,True
KASHMORE DISTRICT,2,0.0,0.30616666666666664,0.0,2.0,True
KASHMORE DISTRICT,3,0.0,0.6136666666666667,0.0,3.0,True
KASHMORE DISTRICT,4,1.713459,0.2255,0.0,1.0,False
KASHMORE DISTRICT,5,0.0,0.07966666666666666,0.0,1.0,True
KASHMORE DISTRICT,6,0.0,0.066,0.0,1.0,True
KASHMORE DISTRICT,7,0.0,0.015,0.0,0.0,True
KAMBAR SHAHDAD KOT DISTRICT,0,4.0256240000000005,3.972,0.0,10.0,True
KAMBAR SHAHDAD KOT DISTRICT,1,2.053364,0.5448333333333333,0.0,2.0,False
KAMBAR SHAHDAD KOT DISTRICT,2,0.0,0.306,0.0,2.0,True
KAMBAR SHAHDAD KOT DISTRICT,3,1.10256,0.5773333333333334,0.0,2.0,True
KAMBAR SHAHDAD KOT DISTRICT,4,0.0,0.21416666666666667,0.0,1.0,True
KAMBAR SHAHDAD KOT DISTRICT,5,0.0,0.097,0.0,1.0,True
KAMBAR SHAHDAD KOT DISTRICT,6,0.0,0.0805,0.0,1.0,True
KAMBAR SHAHDAD KOT DISTRICT,7,0.0,0.018666666666666668,0.0,0.0,True
LARKANA DISTRICT,0,1.50567,1.0526666666666666,0.0,4.0,True
LARKANA DISTRICT,1,0.0,0.1525,0.0,1.0,True
LARKANA DISTRICT,2,0.845421,0.08133333333333333,0.0,1.0,True
LARKANA DISTRICT,3,0.504653,0.14416666666666667,0.0,1.0,True
LARKANA DISTRICT,4,0.0,0.052833333333333336,0.0,1.0,True
LARKANA DISTRICT,5,0.0,0.025166666666666667,0.0,0.0,True
LARKANA DISTRICT,6,0.0,0.019166666666666665,0.0,0.0,True
LARKANA DISTRICT,7,0.0,0.004,0.0,0.0,True
SHIKARPUR DISTRICT,0,1.719374,0.692,0.0,3.0,True
SHIKARPUR DISTRICT,1,0.0,0.10816666666666666,0.0,1.0,True
SHIKARPUR DISTRICT,2,0.0,0.04516666666666667,0.0,1.0,True
SHIKARPUR DISTRICT,3,0.0,0.08433333333333333,0.0,1.0,True
SHIKARPUR DISTRICT,4,0.0,0.035166666666666666,0.0,1.0,True
SHIKARPUR DISTRICT,5,0.0,0.014166666666666666,0.0,0.0,True
SHIKARPUR DISTRICT,6,0.0,0.013166666666666667,0.0,0.0,True
SHIKARPUR DISTRICT,7,0.0,0.004666666666666667,0.0,0.0,True
GHOTKI DISTRICT,0,10.329346,8.243166666666667,2.0,16.0,True
GHOTKI DISTRICT,1,2.167662,1.1251666666666666,0.0,4.0,True
GHOTKI DISTRICT,2,1.083831,0.5668333333333333,0.0,2.0,True
GHOTKI DISTRICT,3,1.083831,1.0731666666666666,0.0,4.0,True
GHOTKI DISTRICT,4,0.0,0.4106666666666667,0.0,2.0,True
GHOTKI DISTRICT,5,0.0,0.16983333333333334,0.0,1.0,True
GHOTKI DISTRICT,6,0.0,0.15783333333333333,0.0,1.0,True
GHOTKI DISTRICT,7,0.0,0.03183333333333333,0.0,1.0,True
KHAIRPUR DISTRICT,0,5.1640179999999996,7.349,2.0,15.0,True
KHAIRPUR DISTRICT,1,0.0,1.0348333333333333,0.0,4.0,True
KHAIRPUR DISTRICT,2,1.164272,0.575,0.0,3.0,True
KHAIRPUR DISTRICT,3,4.4757549999999995,1.0623333333333334,0.0,4.0,False
KHAIRPUR DISTRICT,4,1.052121,0.37233333333333335,0.0,2.0,True
KHAIRPUR DISTRICT,5,1.052121,0.15766666666666668,0.0,1.0,False
KHAIRPUR DISTRICT,6,0.0,0.14866666666666667,0.0,1.0,True
KHAIRPUR DISTRICT,7,0.0,0.03,0.0,1.0,True
SUKKUR DISTRICT,0,5.09267,4.332333333333334,0.0,10.0,True
SUKKUR DISTRICT,1,0.0,0.5515,0.0,2.0,True
SUKKUR DISTRICT,2,2.546335,0.2971666666666667,0.0,2.0,False
SUKKUR DISTRICT,3,0.0,0.5883333333333334,0.0,3.0,True
SUKKUR DISTRICT,4,0.0,0.2135,0.0,1.0,True
SUKKUR DISTRICT,5,0.920369,0.078,0.0,1.0,True
SUKKUR DISTRICT,6,0.0,0.06483333333333334,0.0,1.0,True
SUKKUR DISTRICT,7,0.0,0.013333333333333334,0.0,0.0,True
BADIN DISTRICT,0,9.160616999999998,11.537666666666667,4.0,21.0,True
BADIN DISTRICT,1,4.853327999999999,1.6288333333333334,0.0,5.0,True
BADIN DISTRICT,2,3.395971,0.8526666666666667,0.0,3.0,False
BADIN DISTRICT,3,3.053539,1.6038333333333334,0.0,5.0,True
BADIN DISTRICT,4,0.342432,0.6033333333333334,0.0,3.0,True
BADIN DISTRICT,5,0.0,0.248,0.0,2.0,True
BADIN DISTRICT,6,0.0,0.2125,0.0,1.0,True
BADIN DISTRICT,7,0.0,0.043833333333333335,0.0,1.0,True
DADU DISTRICT,0,0.0,1.416,0.0,5.0,True
DADU DISTRICT,1,0.0,0.20166666666666666,0.0,1.0,True
DADU DISTRICT,2,0.0,0.10883333333333334,0.0,1.0,True
DADU DISTRICT,3,0.0,0.18166666666666667,0.0,1.0,True
DADU DISTRICT,4,1.795725,0.06266666666666666,0.0,1.0,False
DADU DISTRICT,5,0.0,0.029,0.0,1.0,True
DADU DISTRICT,6,0.0,0.0305,0.0,1.0,True
DADU DISTRICT,7,0.0,0.007666666666666666,0.0,0.0,True
HYDERABAD DISTRICT,0,1.129533,1.0551666666666666,0.0,4.0,True
HYDERABAD DISTRICT,1,0.0,0.14416666666666667,0.0,1.0,True
HYDERABAD DISTRICT,2,0.0,0.07266666666666667,0.0,1.0,True
HYDERABAD DISTRICT,3,0.376511,0.1395,0.0,1.0,True
HYDERABAD DISTRICT,4,0.0,0.047,0.0,1.0,True
HYDERABAD DISTRICT,5,0.0,0.018333333333333333,0.0,0.0,True
HYDERABAD DISTRICT,6,0.0,0.015333333333333332,0.0,0.0,True
HYDERABAD DISTRICT,7,0.0,0.001,0.0,0.0,True
JAMSHORO DISTRICT,0,0.0,0.9185,0.0,4.0,True
JAMSHORO DISTRICT,1,0.0,0.12333333333333334,0.0,1.0,True
JAMSHORO DISTRICT,2,0.0,0.067,0.0,1.0,True
JAMSHORO DISTRICT,3,1.148886,0.138,0.0,1.0,False
JAMSHORO DISTRICT,4,0.0,0.04666666666666667,0.0,1.0,True
JAMSHORO DISTRICT,5,0.0,0.0235,0.0,0.0,True
JAMSHORO DISTRICT,6,0.0,0.0215,0.0,0.0,True
JAMSHORO DISTRICT,7,0.0,0.004,0.0,0.0,True
MATIARI DISTRICT,0,0.0,0.8605,0.0,4.0,True
MATIARI DISTRICT,1,0.0,0.12383333333333334,0.0,1.0,True
MATIARI DISTRICT,2,0.0,0.06416666666666666,0.0,1.0,True
MATIARI DISTRICT,3,1.511785,0.126,0.0,1.0,False
MATIARI DISTRICT,4,0.0,0.0565,0.0,1.0,True
MATIARI DISTRICT,5,0.0,0.026,0.0,1.0,True
MATIARI DISTRICT,6,0.0,0.024,0.0,0.0,True
MATIARI DISTRICT,7,0.0,0.0035,0.0,0.0,True
SUJAWAL DISTRICT,0,0.146925,0.5248333333333334,0.0,3.0,True
SUJAWAL DISTRICT,1,0.0,0.0775,0.0,1.0,True
SUJAWAL DISTRICT,2,0.0,0.04466666666666667,0.0,1.0,True
SUJAWAL DISTRICT,3,0.0,0.07683333333333334,0.0,1.0,True
SUJAWAL DISTRICT,4,0.0,0.027,0.0,1.0,True
SUJAWAL DISTRICT,5,0.0,0.013833333333333333,0.0,0.0,True
SUJAWAL DISTRICT,6,0.146925,0.0105,0.0,0.0,False
SUJAWAL DISTRICT,7,0.0,0.0025,0.0,0.0,True
TANDO ALLAHYAR DISTRICT,0,0.0,0.407,0.0,2.0,True
TANDO ALLAHYAR DISTRICT,1,0.0,0.05566666666666667,0.0,1.0,True
TANDO ALLAHYAR DISTRICT,2,0.578578,0.030333333333333334,0.0,1.0,True
TANDO ALLAHYAR DISTRICT,3,0.0,0.0615,0.0,1.0,True
TANDO ALLAHYAR DISTRICT,4,0.0,0.0265,0.0,1.0,True
TANDO ALLAHYAR DISTRICT,5,0.0,0.009333333333333334,0.0,0.0,True
TANDO ALLAHYAR DISTRICT,6,0.0,0.008,0.0,0.0,True
TANDO ALLAHYAR DISTRICT,7,0.0,0.002,0.0,0.0,True
TANDO MUHAMMAD KHAN DISTRICT,0,1.681074,0.8011666666666667,0.0,3.0,True
TANDO MUHAMMAD KHAN DISTRICT,1,0.0,0.094,0.0,1.0,True
TANDO MUHAMMAD KHAN DISTRICT,2,0.840537,0.0545,0.0,1.0,True
TANDO MUHAMMAD KHAN DISTRICT,3,0.0,0.11,0.0,1.0,True
TANDO MUHAMMAD KHAN DISTRICT,4,0.840537,0.04033333333333333,0.0,1.0,True
TANDO MUHAMMAD KHAN DISTRICT,5,0.0,0.017666666666666667,0.0,0.0,True
TANDO MUHAMMAD KHAN DISTRICT,6,0.0,0.016,0.0,0.0,True
TANDO MUHAMMAD KHAN DISTRICT,7,0.0,0.0035,0.0,0.0,True
THATTA DISTRICT,0,1.221433,1.0165,0.0,4.0,True
THATTA DISTRICT,1,0.0,0.14433333333333334,0.0,1.0,True
THATTA DISTRICT,2,0.430638,0.07283333333333333,0.0,1.0,True
THATTA DISTRICT,3,0.0,0.13133333333333333,0.0,1.0,True
THATTA DISTRICT,4,0.0,0.052,0.0,1.0,True
THATTA DISTRICT,5,0.0,0.021166666666666667,0.0,0.0,True
THATTA DISTRICT,6,0.0,0.0215,0.0,0.0,True
THATTA DISTRICT,7,0.0,0.003,0.0,0.0,True
KARACHI CENTRAL DISTRICT,0,1.4372690000000001,1.406,0.0,5.0,True
KARACHI CENTRAL DISTRICT,1,0.0,0.19316666666666665,0.0,1.0,True
KARACHI CENTRAL DISTRICT,2,0.0,0.10916666666666666,0.0,1.0,True
KARACHI CENTRAL DISTRICT,3,0.0,0.19433333333333333,0.0,1.0,True
KARACHI CENTRAL DISTRICT,4,0.0,0.07,0.0,1.0,True
KARACHI CENTRAL DISTRICT,5,0.0,0.029666666666666668,0.0,1.0,True
KARACHI CENTRAL DISTRICT,6,0.0,0.0245,0.0,0.0,True
KARACHI CENTRAL DISTRICT,7,0.0,0.007,0.0,0.0,True
KARACHI EAST DISTRICT,0,0.0,0.6318333333333334,0.0,3.0,True
KARACHI EAST DISTRICT,1,0.190651,0.09366666666666666,0.0,1.0,True
KARACHI EAST DISTRICT,2,0.0,0.04066666666666666,0.0,1.0,True
KARACHI EAST DISTRICT,3,0.0,0.0855,0.0,1.0,True
KARACHI EAST DISTRICT,4,0.0,0.0345,0.0,1.0,True
KARACHI EAST DISTRICT,5,0.0,0.012,0.0,0.0,True
KARACHI EAST DISTRICT,6,0.0,0.009666666666666667,0.0,0.0,True
KARACHI EAST DISTRICT,7,0.0,0.0018333333333333333,0.0,0.0,True
KARACHI SOUTH DISTRICT,0,7.129628,4.8255,1.0,11.0,True
KARACHI SOUTH DISTRICT,1,0.0,0.686,0.0,3.0,True
KARACHI SOUTH DISTRICT,2,0.0,0.35433333333333333,0.0,2.0,True
KARACHI SOUTH DISTRICT,3,1.870631,0.694,0.0,3.0,True
KARACHI SOUTH DISTRICT,4,0.0,0.25883333333333336,0.0,2.0,True
KARACHI SOUTH DISTRICT,5,0.0,0.10533333333333333,0.0,1.0,True
KARACHI SOUTH DISTRICT,6,0.0,0.10283333333333333,0.0,1.0,True
KARACHI SOUTH DISTRICT,7,0.0,0.021833333333333333,0.0,0.0,True
KARACHI WEST DISTRICT,0,6.470606,4.2508333333333335,1.0,10.0,True
KARACHI WEST DISTRICT,1,0.0,0.5976666666666667,0.0,3.0,True
KARACHI WEST DISTRICT,2,0.0,0.30083333333333334,0.0,2.0,True
KARACHI WEST DISTRICT,3,0.706928,0.6136666666666667,0.0,3.0,True
KARACHI WEST DISTRICT,4,0.494908,0.23016666666666666,0.0,1.0,True
KARACHI WEST DISTRICT,5,0.0,0.0945,0.0,1.0,True
KARACHI WEST DISTRICT,6,0.0,0.07833333333333334,0.0,1.0,True
KARACHI WEST DISTRICT,7,0.0,0.020166666666666666,0.0,0.0,True
KORANGI DISTRICT,0,0.914362,1.2635,0.0,5.0,True
KORANGI DISTRICT,1,0.914362,0.16483333333333333,0.0,1.0,True
KORANGI DISTRICT,2,0.0,0.092,0.0,1.0,True
KORANGI DISTRICT,3,0.0,0.16,0.0,1.0,True
KORANGI DISTRICT,4,0.0,0.058166666666666665,0.0,1.0,True
KORANGI DISTRICT,5,0.0,0.028166666666666666,0.0,1.0,True
KORANGI DISTRICT,6,0.0,0.022166666666666668,0.0,0.0,True
KORANGI DISTRICT,7,0.0,0.004666666666666667,0.0,0.0,True
MALIR DISTRICT,0,3.185576,2.3476666666666666,0.0,7.0,True
MALIR DISTRICT,1,0.0,0.315,0.0,2.0,True
MALIR DISTRICT,2,0.0,0.172,0.0,1.0,True
MALIR DISTRICT,3,0.0,0.32666666666666666,0.0,2.0,True
MALIR DISTRICT,4,0.0,0.1225,0.0,1.0,True
MALIR DISTRICT,5,0.0,0.05433333333333333,0.0,1.0,True
MALIR DISTRICT,6,0.0,0.04766666666666667,0.0,1.0,True
MALIR DISTRICT,7,0.0,0.009666666666666667,0.0,0.0,True
MIRPUR KHAS DISTRICT,0,2.679762,1.9013333333333333,0.0,6.0,True
MIRPUR KHAS DISTRICT,1,0.0,0.27,0.0,2.0,True
MIRPUR KHAS DISTRICT,2,0.0,0.147,0.0,1.0,True
MIRPUR KHAS DISTRICT,3,0.0,0.27466666666666667,0.0,2.0,True
MIRPUR KHAS DISTRICT,4,1.370665,0.11516666666666667,0.0,1.0,False
MIRPUR KHAS DISTRICT,5,0.0,0.039,0.0,1.0,True
MIRPUR KHAS DISTRICT,6,0.0,0.034166666666666665,0.0,1.0,True
MIRPUR KHAS DISTRICT,7,0.0,0.007,0.0,0.0,True
THARPARKAR DISTRICT,0,2.344924,1.6685,0.0,5.0,True
THARPARKAR DISTRICT,1,0.0,0.23383333333333334,0.0,2.0,True
THARPARKAR DISTRICT,2,0.0,0.12033333333333333,0.0,1.0,True
THARPARKAR DISTRICT,3,0.0,0.23166666666666666,0.0,2.0,True
THARPARKAR DISTRICT,4,0.0,0.09333333333333334,0.0,1.0,True
THARPARKAR DISTRICT,5,0.0,0.0385,0.0,1.0,True
THARPARKAR DISTRICT,6,0.0,0.0265,0.0,1.0,True
THARPARKAR DISTRICT,7,0.0,0.005333333333333333,0.0,0.0,True
UMER KOT DISTRICT,0,0.724685,0.7695,0.0,3.0,True
UMER KOT DISTRICT,1,0.0,0.1085,0.0,1.0,True
UMER KOT DISTRICT,2,0.0,0.06766666666666667,0.0,1.0,True
UMER KOT DISTRICT,3,0.0,0.1195,0.0,1.0,True
UMER KOT DISTRICT,4,0.0,0.0415,0.0,1.0,True
UMER KOT DISTRICT,5,0.0,0.017333333333333333,0.0,0.0,True
UMER KOT DISTRICT,6,0.0,0.017333333333333333,0.0,0.0,True
UMER KOT DISTRICT,7,0.0,0.005,0.0,0.0,True
SANGHAR DISTRICT,0,0.0,1.0386666666666666,0.0,4.0,True
SANGHAR DISTRICT,1,0.738833,0.14533333333333334,0.0,1.0,True
SANGHAR DISTRICT,2,0.0,0.07666666666666666,0.0,1.0,True
SANGHAR DISTRICT,3,0.738833,0.14933333333333335,0.0,1.0,True
SANGHAR DISTRICT,4,0.0,0.053,0.0,1.0,True
SANGHAR DISTRICT,5,0.0,0.025333333333333333,0.0,0.024999999999636202,True
SANGHAR DISTRICT,6,0.0,0.025833333333333333,0.0,1.0,True
SANGHAR DISTRICT,7,0.0,0.005333333333333333,0.0,0.0,True
NAUSHAHRO FEROZE DISTRICT,0,0.0,2.990666666666667,0.0,8.0,True
NAUSHAHRO FEROZE DISTRICT,1,4.310884,0.4315,0.0,2.0,False
NAUSHAHRO FEROZE DISTRICT,2,0.0,0.21816666666666668,0.0,1.0,True
NAUSHAHRO FEROZE DISTRICT,3,0.0,0.42533333333333334,0.0,2.0,True
NAUSHAHRO FEROZE DISTRICT,4,0.0,0.15633333333333332,0.0,1.0,True
NAUSHAHRO FEROZE DISTRICT,5,0.0,0.060333333333333336,0.0,1.0,True
NAUSHAHRO FEROZE DISTRICT,6,0.0,0.0515,0.0,1.0,True
NAUSHAHRO FEROZE DISTRICT,7,0.0,0.013,0.0,0.0,True
SHAHEED BENAZIRABAD DISTRICT,0,8.07038,7.698166666666666,2.0,15.0,True
SHAHEED BENAZIRABAD DISTRICT,1,0.0,1.0786666666666667,0.0,4.0,True
SHAHEED BENAZIRABAD DISTRICT,2,0.0,0.5788333333333333,0.0,3.0,True
SHAHEED BENAZIRABAD DISTRICT,3,5.785686,1.1895,0.0,4.0,False
SHAHEED BENAZIRABAD DISTRICT,4,0.0,0.4261666666666667,0.0,2.0,True
SHAHEED BENAZIRABAD DISTRICT,5,0.0,0.17266666666666666,0.0,1.0,True
SHAHEED BENAZIRABAD DISTRICT,6,0.0,0.16033333333333333,0.0,1.0,True
SHAHEED BENAZIRABAD DISTRICT,7,0.0,0.03166666666666667,0.0,1.0,True
AWARAN DISTRICT,0,0.0,0.0785,0.0,1.0,True
AWARAN DISTRICT,1,0.0,0.0105,0.0,0.0,True
AWARAN DISTRICT,2,0.0,0.006166666666666667,0.0,0.0,True
AWARAN DISTRICT,3,0.408158,0.0125,0.0,0.0,False
AWARAN DISTRICT,4,0.0,0.007166666666666667,0.0,0.0,True
AWARAN DISTRICT,5,0.204079,0.0023333333333333335,0.0,0.0,False
AWARAN DISTRICT,6,0.0,0.0018333333333333333,0.0,0.0,True
AWARAN DISTRICT,7,0.0,0.0008333333333333334,0.0,0.0,True
KALAT DISTRICT,0,1.0065469999999999,0.495,0.0,2.0,True
KALAT DISTRICT,1,0.0,0.06233333333333333,0.0,1.0,True
KALAT DISTRICT,2,0.0,0.035833333333333335,0.0,1.0,True
KALAT DISTRICT,3,0.0,0.06866666666666667,0.0,1.0,True
KALAT DISTRICT,4,0.0,0.029833333333333333,0.0,1.0,True
KALAT DISTRICT,5,0.0,0.008833333333333334,0.0,0.0,True
KALAT DISTRICT,6,0.0,0.007333333333333333,0.0,0.0,True
KALAT DISTRICT,7,0.0,0.0015,0.0,0.0,True
KHARAN DISTRICT,0,0.13367300000000001,0.06933333333333333,0.0,1.0,True
KHARAN DISTRICT,1,0.0,0.0075,0.0,0.0,True
KHARAN DISTRICT,2,0.0,0.006,0.0,0.0,True
KHARAN DISTRICT,3,0.0,0.007833333333333333,0.0,0.0,True
KHARAN DISTRICT,4,0.0,0.0035,0.0,0.0,True
KHARAN DISTRICT,5,0.0,0.0015,0.0,0.0,True
KHARAN DISTRICT,6,0.0,0.0008333333333333334,0.0,0.0,True
KHARAN DISTRICT,7,0.0,0.0,0.0,0.0,True
KHUZDAR DISTRICT,0,2.353668,1.463,0.0,5.0,True
KHUZDAR DISTRICT,1,0.795691,0.20583333333333334,0.0,1.0,True
KHUZDAR DISTRICT,2,0.764435,0.1125,0.0,1.0,True
KHUZDAR DISTRICT,3,0.0,0.22033333333333333,0.0,1.0,True
KHUZDAR DISTRICT,4,0.0,0.08283333333333333,0.0,1.0,True
KHUZDAR DISTRICT,5,0.239238,0.03983333333333333,0.0,1.0,True
KHUZDAR DISTRICT,6,0.0,0.0265,0.0,1.0,True
KHUZDAR DISTRICT,7,0.0,0.004,0.0,0.0,True
LASBELA DISTRICT,0,2.27705,1.3275,0.0,5.0,True
LASBELA DISTRICT,1,0.81076,0.18283333333333332,0.0,1.0,True
LASBELA DISTRICT,2,0.0,0.1035,0.0,1.0,True
LASBELA DISTRICT,3,0.0,0.15866666666666668,0.0,1.0,True
LASBELA DISTRICT,4,0.42424,0.0595,0.0,1.0,True
LASBELA DISTRICT,5,0.371027,0.023833333333333335,0.0,0.0,False
LASBELA DISTRICT,6,0.0,0.021333333333333333,0.0,0.0,True
LASBELA DISTRICT,7,0.0,0.005166666666666667,0.0,0.0,True
MASTUNG DISTRICT,0,0.955706,0.9108333333333334,0.0,4.0,True
MASTUNG DISTRICT,1,0.815652,0.13166666666666665,0.0,1.0,True
MASTUNG DISTRICT,2,0.815652,0.06116666666666667,0.0,1.0,True
MASTUNG DISTRICT,3,0.550843,0.121,0.0,1.0,True
MASTUNG DISTRICT,4,1.4000270000000001,0.042,0.0,1.0,False
MASTUNG DISTRICT,5,0.0,0.0165,0.0,0.0,True
MASTUNG DISTRICT,6,0.0,0.015333333333333332,0.0,0.0,True
MASTUNG DISTRICT,7,0.0,0.0028333333333333335,0.0,0.0,True
WASHUK DISTRICT,0,0.0,0.226,0.0,2.0,True
WASHUK DISTRICT,1,0.41999,0.033666666666666664,0.0,1.0,True
WASHUK DISTRICT,2,0.0,0.019666666666666666,0.0,0.0,True
WASHUK DISTRICT,3,0.0,0.034333333333333334,0.0,1.0,True
WASHUK DISTRICT,4,0.0,0.014833333333333334,0.0,0.0,True
WASHUK DISTRICT,5,0.0,0.009666666666666667,0.0,0.0,True
WASHUK DISTRICT,6,0.0,0.009166666666666667,0.0,0.0,True
WASHUK DISTRICT,7,0.0,0.003,0.0,0.0,True
GWADAR DISTRICT,0,0.0,0.22016666666666668,0.0,2.0,True
GWADAR DISTRICT,1,0.0,0.03,0.0,1.0,True
GWADAR DISTRICT,2,0.0,0.018,0.0,0.0,True
GWADAR DISTRICT,3,0.0,0.031,0.0,1.0,True
GWADAR DISTRICT,4,0.0,0.012,0.0,0.0,True
GWADAR DISTRICT,5,0.0,0.005,0.0,0.0,True
GWADAR DISTRICT,6,0.0,0.0031666666666666666,0.0,0.0,True
GWADAR DISTRICT,7,0.0,0.00016666666666666666,0.0,0.0,True
KECH DISTRICT,0,0.266814,0.33466666666666667,0.0,2.0,True
KECH DISTRICT,1,0.0,0.05,0.0,1.0,True
KECH DISTRICT,2,0.067114,0.027666666666666666,0.0,1.0,True
KECH DISTRICT,3,0.0,0.049833333333333334,0.0,1.0,True
KECH DISTRICT,4,0.0,0.021,0.0,0.0,True
KECH DISTRICT,5,0.0,0.008666666666666666,0.0,0.0,True
KECH DISTRICT,6,0.0,0.007833333333333333,0.0,0.0,True
KECH DISTRICT,7,0.0,0.0015,0.0,0.0,True
PANJGUR DISTRICT,0,0.0,0.0,0.0,0.0,True
PANJGUR DISTRICT,1,0.0,0.0,0.0,0.0,True
PANJGUR DISTRICT,2,0.0,0.0,0.0,0.0,True
PANJGUR DISTRICT,3,0.0,0.0,0.0,0.0,True
PANJGUR DISTRICT,4,0.0,0.0,0.0,0.0,True
PANJGUR DISTRICT,5,0.0,0.0,0.0,0.0,True
PANJGUR DISTRICT,6,0.0,0.0,0.0,0.0,True
PANJGUR DISTRICT,7,0.0,0.0,0.0,0.0,True
JAFFARABAD DISTRICT,0,0.0,0.5455,0.0,3.0,True
JAFFARABAD DISTRICT,1,0.0,0.08,0.0,1.0,True
JAFFARABAD DISTRICT,2,0.0,0.03933333333333333,0.0,1.0,True
JAFFARABAD DISTRICT,3,0.0,0.08316666666666667,0.0,1.0,True
JAFFARABAD DISTRICT,4,0.0,0.033,0.0,1.0,True
JAFFARABAD DISTRICT,5,0.0,0.015666666666666666,0.0,0.0,True
JAFFARABAD DISTRICT,6,0.0,0.011666666666666667,0.0,0.0,True
JAFFARABAD DISTRICT,7,0.0,0.0023333333333333335,0.0,0.0,True
JHAL MAGSI DISTRICT,0,0.853521,0.18683333333333332,0.0,1.0,True
JHAL MAGSI DISTRICT,1,0.0,0.0195,0.0,0.0,True
JHAL MAGSI DISTRICT,2,0.0,0.011833333333333333,0.0,0.0,True
JHAL MAGSI DISTRICT,3,0.0,0.023,0.0,0.0,True
JHAL MAGSI DISTRICT,4,0.0,0.007333333333333333,0.0,0.0,True
JHAL MAGSI DISTRICT,5,0.0,0.004833333333333334,0.0,0.0,True
JHAL MAGSI DISTRICT,6,0.0,0.002,0.0,0.0,True
JHAL MAGSI DISTRICT,7,0.0,0.0008333333333333334,0.0,0.0,True
KACHHI DISTRICT,0,0.0,0.20233333333333334,0.0,1.0,True
KACHHI DISTRICT,1,0.0,0.0315,0.0,1.0,True
KACHHI DISTRICT,2,0.0,0.016,0.0,0.0,True
KACHHI DISTRICT,3,0.0,0.0305,0.0,1.0,True
KACHHI DISTRICT,4,0.0,0.011166666666666667,0.0,0.0,True
KACHHI DISTRICT,5,0.0,0.005,0.0,0.0,True
KACHHI DISTRICT,6,0.0,0.0026666666666666666,0.0,0.0,True
KACHHI DISTRICT,7,0.0,0.001,0.0,0.0,True
NASIRABAD DISTRICT,0,1.333516,0.8208333333333333,0.0,3.0,True
NASIRABAD DISTRICT,1,0.0,0.12166666666666667,0.0,1.0,True
NASIRABAD DISTRICT,2,0.165034,0.05533333333333333,0.0,1.0,True
NASIRABAD DISTRICT,3,0.0,0.10133333333333333,0.0,1.0,True
NASIRABAD DISTRICT,4,0.0,0.03966666666666667,0.0,1.0,True
NASIRABAD DISTRICT,5,0.666758,0.018,0.0,0.0,False
NASIRABAD DISTRICT,6,0.0,0.013833333333333333,0.0,0.0,True
NASIRABAD DISTRICT,7,0.0,0.0025,0.0,0.0,True
SOHBATPUR DISTRICT,0,0.339134,0.216,0.0,2.0,True
SOHBATPUR DISTRICT,1,0.0,0.032,0.0,1.0,True
SOHBATPUR DISTRICT,2,0.0,0.014,0.0,0.0,True
SOHBATPUR DISTRICT,3,0.0,0.023666666666666666,0.0,0.0,True
SOHBATPUR DISTRICT,4,0.0,0.011333333333333334,0.0,0.0,True
SOHBATPUR DISTRICT,5,0.0,0.0033333333333333335,0.0,0.0,True
SOHBATPUR DISTRICT,6,0.0,0.0036666666666666666,0.0,0.0,True
SOHBATPUR DISTRICT,7,0.0,0.00016666666666666666,0.0,0.0,True
CHAGAI DISTRICT,0,0.0,0.0,0.0,0.0,True
CHAGAI DISTRICT,1,0.0,0.0,0.0,0.0,True
CHAGAI DISTRICT,2,0.0,0.0,0.0,0.0,True
CHAGAI DISTRICT,3,0.0,0.0,0.0,0.0,True
CHAGAI DISTRICT,4,0.0,0.0,0.0,0.0,True
CHAGAI DISTRICT,5,0.0,0.0,0.0,0.0,True
CHAGAI DISTRICT,6,0.0,0.0,0.0,0.0,True
CHAGAI DISTRICT,7,0.0,0.0,0.0,0.0,True
KILLA ABDULLAH DISTRICT,0,0.0,1.8683333333333334,0.0,6.0,True
KILLA ABDULLAH DISTRICT,1,0.0,0.27,0.0,2.0,True
KILLA ABDULLAH DISTRICT,2,3.112171,0.13883333333333334,0.0,1.0,False
KILLA ABDULLAH DISTRICT,3,0.679805,0.2505,0.0,2.0,True
KILLA ABDULLAH DISTRICT,4,0.0,0.101,0.0,1.0,True
KILLA ABDULLAH DISTRICT,5,0.0,0.051333333333333335,0.0,1.0,True
KILLA ABDULLAH DISTRICT,6,0.0,0.03866666666666667,0.0,1.0,True
KILLA ABDULLAH DISTRICT,7,0.0,0.008,0.0,0.0,True
NUSHKI DISTRICT,0,0.0,0.0,0.0,0.0,True
NUSHKI DISTRICT,1,0.0,0.0,0.0,0.0,True
NUSHKI DISTRICT,2,0.0,0.0,0.0,0.0,True
NUSHKI DISTRICT,3,0.0,0.0,0.0,0.0,True
NUSHKI DISTRICT,4,0.0,0.0,0.0,0.0,True
NUSHKI DISTRICT,5,0.0,0.0,0.0,0.0,True
NUSHKI DISTRICT,6,0.0,0.0,0.0,0.0,True
NUSHKI DISTRICT,7,0.0,0.0,0.0,0.0,True
PISHIN DISTRICT,0,0.947207,0.3438333333333333,0.0,2.0,True
PISHIN DISTRICT,1,0.0,0.049166666666666664,0.0,1.0,True
PISHIN DISTRICT,2,0.381975,0.024333333333333332,0.0,0.0,False
PISHIN DISTRICT,3,0.0,0.042166666666666665,0.0,1.0,True
PISHIN DISTRICT,4,0.0,0.017166666666666667,0.0,0.0,True
PISHIN DISTRICT,5,0.0,0.008333333333333333,0.0,0.0,True
PISHIN DISTRICT,6,0.0,0.007,0.0,0.0,True
PISHIN DISTRICT,7,0.0,0.0008333333333333334,0.0,0.0,True
QUETTA DISTRICT,0,2.818538,2.4316666666666666,0.0,7.0,True
QUETTA DISTRICT,1,0.0,0.3448333333333333,0.0,2.0,True
QUETTA DISTRICT,2,0.0,0.18933333333333333,0.0,1.0,True
QUETTA DISTRICT,3,1.635859,0.34933333333333333,0.0,2.0,True
QUETTA DISTRICT,4,0.0,0.12416666666666666,0.0,1.0,True
QUETTA DISTRICT,5,0.210786,0.05633333333333333,0.0,1.0,True
QUETTA DISTRICT,6,0.957393,0.041,0.0,1.0,True
QUETTA DISTRICT,7,0.465006,0.008,0.0,0.0,False
DERA BUGTI DISTRICT,0,0.0,0.2833333333333333,0.0,2.0,True
DERA BUGTI DISTRICT,1,0.0,0.041666666666666664,0.0,1.0,True
DERA BUGTI DISTRICT,2,0.0,0.0225,0.0,0.0,True
DERA BUGTI DISTRICT,3,0.0,0.04016666666666667,0.0,1.0,True
DERA BUGTI DISTRICT,4,0.0,0.014333333333333333,0.0,0.0,True
DERA BUGTI DISTRICT,5,0.0,0.0075,0.0,0.0,True
DERA BUGTI DISTRICT,6,0.0,0.005666666666666667,0.0,0.0,True
DERA BUGTI DISTRICT,7,0.0,0.002,0.0,0.0,True
HARNAI DISTRICT,0,0.0,0.0,0.0,0.0,True
HARNAI DISTRICT,1,0.0,0.0,0.0,0.0,True
HARNAI DISTRICT,2,0.0,0.0,0.0,0.0,True
HARNAI DISTRICT,3,0.0,0.0,0.0,0.0,True
HARNAI DISTRICT,4,0.0,0.0,0.0,0.0,True
HARNAI DISTRICT,5,0.0,0.0,0.0,0.0,True
HARNAI DISTRICT,6,0.0,0.0,0.0,0.0,True
HARNAI DISTRICT,7,0.0,0.0,0.0,0.0,True
KOHLU DISTRICT,0,0.310621,0.31333333333333335,0.0,2.0,True
KOHLU DISTRICT,1,0.0,0.043166666666666666,0.0,1.0,True
KOHLU DISTRICT,2,0.0,0.021333333333333333,0.0,0.0,True
KOHLU DISTRICT,3,0.0,0.047,0.0,1.0,True
KOHLU DISTRICT,4,0.0,0.016,0.0,0.0,True
KOHLU DISTRICT,5,0.0,0.007166666666666667,0.0,0.0,True
KOHLU DISTRICT,6,0.0,0.005833333333333334,0.0,0.0,True
KOHLU DISTRICT,7,0.0,0.001,0.0,0.0,True
SIBI DISTRICT,0,0.303026,0.12483333333333334,0.0,1.0,True
SIBI DISTRICT,1,0.151513,0.020166666666666666,0.0,0.0,False
SIBI DISTRICT,2,0.151513,0.0065,0.0,0.0,False
SIBI DISTRICT,3,0.151513,0.018833333333333334,0.0,0.0,False
SIBI DISTRICT,4,0.0,0.004833333333333334,0.0,0.0,True
SIBI DISTRICT,5,0.0,0.0028333333333333335,0.0,0.0,True
SIBI DISTRICT,6,0.0,0.0025,0.0,0.0,True
SIBI DISTRICT,7,0.0,0.001,0.0,0.0,True
ZIARAT DISTRICT,0,0.0,0.0,0.0,0.0,True
ZIARAT DISTRICT,1,0.0,0.0,0.0,0.0,True
ZIARAT DISTRICT,2,0.0,0.0,0.0,0.0,True
ZIARAT DISTRICT,3,0.0,0.0,0.0,0.0,True
ZIARAT DISTRICT,4,0.0,0.0,0.0,0.0,True
ZIARAT DISTRICT,5,0.0,0.0,0.0,0.0,True
ZIARAT DISTRICT,6,0.0,0.0,0.0,0.0,True
ZIARAT DISTRICT,7,0.0,0.0,0.0,0.0,True
BARKHAN DISTRICT,0,0.0,0.0,0.0,0.0,True
BARKHAN DISTRICT,1,0.0,0.0,0.0,0.0,True
BARKHAN DISTRICT,2,0.0,0.0,0.0,0.0,True
BARKHAN DISTRICT,3,0.0,0.0,0.0,0.0,True
BARKHAN DISTRICT,4,0.0,0.0,0.0,0.0,True
BARKHAN DISTRICT,5,0.0,0.0,0.0,0.0,True
BARKHAN DISTRICT,6,0.0,0.0,0.0,0.0,True
BARKHAN DISTRICT,7,0.0,0.0,0.0,0.0,True
KILLA SAIFULLAH DISTRICT,0,0.164269,0.7646666666666667,0.0,3.0,True
KILLA SAIFULLAH DISTRICT,1,0.0,0.10916666666666666,0.0,1.0,True
KILLA SAIFULLAH DISTRICT,2,0.0,0.06416666666666666,0.0,1.0,True
KILLA SAIFULLAH DISTRICT,3,0.0,0.08616666666666667,0.0,1.0,True
KILLA SAIFULLAH DISTRICT,4,0.0,0.034666666666666665,0.0,1.0,True
KILLA SAIFULLAH DISTRICT,5,0.0,0.013166666666666667,0.0,0.0,True
KILLA SAIFULLAH DISTRICT,6,0.0,0.013,0.0,0.0,True
KILLA SAIFULLAH DISTRICT,7,0.0,0.0025,0.0,0.0,True
LORALAI DISTRICT,0,4.030817,8.004833333333334,2.0,16.0,True
LORALAI DISTRICT,1,0.238405,1.1953333333333334,0.0,4.0,True
LORALAI DISTRICT,2,3.315602,0.6713333333333333,0.0,3.0,False
LORALAI DISTRICT,3,7.573790000000001,1.2336666666666667,0.0,4.0,False
LORALAI DISTRICT,4,1.419396,0.42816666666666664,0.0,2.0,True
LORALAI DISTRICT,5,0.0,0.19583333333333333,0.0,1.0,True
LORALAI DISTRICT,6,0.0,0.19,0.0,1.0,True
LORALAI DISTRICT,7,0.0,0.0505,0.0,1.0,True
MUSAKHEL DISTRICT,0,0.0,0.0,0.0,0.0,True
MUSAKHEL DISTRICT,1,0.0,0.0,0.0,0.0,True
MUSAKHEL DISTRICT,2,0.0,0.0,0.0,0.0,True
MUSAKHEL DISTRICT,3,0.0,0.0,0.0,0.0,True
MUSAKHEL DISTRICT,4,0.0,0.0,0.0,0.0,True
MUSAKHEL DISTRICT,5,0.0,0.0,0.0,0.0,True
MUSAKHEL DISTRICT,6,0.0,0.0,0.0,0.0,True
MUSAKHEL DISTRICT,7,0.0,0.0,0.0,0.0,True
SHERANI DISTRICT,0,0.0,0.14116666666666666,0.0,1.0,True
SHERANI DISTRICT,1,0.0,0.023166666666666665,0.0,0.0,True
SHERANI DISTRICT,2,0.0,0.011333333333333334,0.0,0.0,True
SHERANI DISTRICT,3,0.0,0.0205,0.0,0.0,True
SHERANI DISTRICT,4,0.0,0.004833333333333334,0.0,0.0,True
SHERANI DISTRICT,5,0.0,0.0023333333333333335,0.0,0.0,True
SHERANI DISTRICT,6,0.0,0.0035,0.0,0.0,True
SHERANI DISTRICT,7,0.0,0.0015,0.0,0.0,True
ZHOB DISTRICT,0,5.805058,4.905333333333333,1.0,11.0,True
ZHOB DISTRICT,1,0.805839,0.6455,0.0,3.0,True
ZHOB DISTRICT,2,0.164185,0.33466666666666667,0.0,2.0,True
ZHOB DISTRICT,3,5.640873,0.6251666666666666,0.0,3.0,False
ZHOB DISTRICT,4,0.0,0.1725,0.0,1.0,True
ZHOB DISTRICT,5,0.0,0.06583333333333333,0.0,1.0,True
ZHOB DISTRICT,6,0.164185,0.06,0.0,1.0,True
ZHOB DISTRICT,7,0.0,0.0065,0.0,0.0,True
ISLAMABAD DISTRICT,0,1.786239,1.2155,0.0,4.024999999999636,True
ISLAMABAD DISTRICT,1,0.937368,0.17683333333333334,0.0,1.0,True
ISLAMABAD DISTRICT,2,0.274848,0.09466666666666666,0.0,1.0,True
ISLAMABAD DISTRICT,3,0.165714,0.16916666666666666,0.0,1.0,True
ISLAMABAD DISTRICT,4,0.118651,0.057166666666666664,0.0,1.0,True
ISLAMABAD DISTRICT,5,0.0,0.021666666666666667,0.0,0.0,True
ISLAMABAD DISTRICT,6,0.0,0.018666666666666668,0.0,0.0,True
ISLAMABAD DISTRICT,7,0.0,0.003833333333333333,0.0,0.0,True
